seed,arm,homeownership_rate,rental_vacancy_rate,annual_appreciation_g,mean_ltv_owner_occupier,mean_lti_owner_occupier,institutional_share_of_rentals,investor_share_of_stock,median_price,median_rent,price_per_quality,n_households,months_of_inventory,median_months_on_market,n_purchases_ftb,n_purchases_repeat,n_purchases_investor,n_purchases_institutional,n_purchases_small_landlord,n_purchases_total,ftb_purchase_share,repeat_buyer_purchase_share,investor_purchase_share,institutional_purchase_share,small_landlord_purchase_share,price_cagr
0,baseline,0.5100464705975182,0.07408744044792823,0.04290572936154194,0.8543688001328635,1.9061358015035463,0.29629945680445,0.37234523809523806,199702.76297903073,1368.2716577737226,221443.28287762488,619.1083333333333,3.4717567535488776,1.9453781512605042,0.8833333333333333,1.4583333333333333,1.0,0.23333333333333334,0.7666666666666667,3.341666666666667,0.26433915211970077,0.43640897755610975,0.29925187032418954,0.06982543640897755,0.22942643391521197,0.024927800108021092
0,waiting_period,0.5131153373613453,0.06815468079097711,0.07410245321067291,0.8654647356812131,1.944340645388163,0.3004546256794447,0.3831666666666667,199461.82908985097,1402.3057418871008,237523.1899857694,609.8583333333333,4.238277848012362,2.2605042016806722,0.9416666666666667,1.1333333333333333,1.0083333333333333,0.2,0.8083333333333333,3.0833333333333335,0.3054054054054054,0.3675675675675676,0.327027027027027,0.06486486486486487,0.26216216216216215,0.04112241024884522
0,ownership_cap_soft,0.5013565521479719,0.06237030703032209,0.07125780020289237,0.8570867516962608,1.9463821581449081,0.28805596318330917,0.3748452380952381,199636.27482114208,1448.3712386738048,244819.21772460258,628.3,4.088130355386993,2.1554621848739495,0.8333333333333334,1.275,1.0,0.11666666666666667,0.8833333333333333,3.1083333333333334,0.2680965147453083,0.4101876675603217,0.32171581769436997,0.03753351206434316,0.28418230563002683,0.04139644137840359
0,ownership_cap_hard,0.5013463882373318,0.06471887867326222,0.07210740706026635,0.8581469120989242,1.9322676676689228,0.19276527312959293,0.3639047619047619,192372.44955995827,1453.1568492048195,215198.77874831847,618.6,5.925379420774157,2.168067226890756,0.7333333333333333,1.3166666666666667,1.2083333333333333,0.058333333333333334,1.15,3.2583333333333333,0.22506393861892582,0.4040920716112532,0.37084398976982097,0.017902813299232736,0.35294117647058826,0.06394914764400306
0,purchase_tax,0.5117907885817512,0.06669097922483115,0.048733744100476976,0.8519727710586539,1.8666818428600034,0.31939116615638136,0.34501190476190474,197911.04997421856,1453.5742399636506,223570.24199734913,628.625,4.126659759993093,2.2291666666666665,0.825,1.625,1.0333333333333334,0.2,0.8333333333333334,3.4833333333333334,0.23684210526315788,0.4665071770334928,0.2966507177033493,0.05741626794258373,0.23923444976076555,0.026402432693707567
0,vacancy_tax,0.5120628949729522,0.06282967600199028,0.07724997434708346,0.8621718195711051,1.9527420338731603,0.31283999919175215,0.36228571428571427,197263.5655615469,1416.7198191325697,228198.88425018804,605.05,3.765738753999624,2.3666666666666667,0.85,1.4,1.0,0.20833333333333334,0.7916666666666666,3.25,0.26153846153846155,0.4307692307692308,0.3076923076923077,0.0641025641025641,0.24358974358974358,0.03887245890835245
0,portfolio_tax,0.5011576601490675,0.07305273822694275,0.0686289436651118,0.8528063265166914,1.896985934419638,0.2968700578672648,0.3663095238095238,197957.95692908097,1431.6020149482038,237861.0325657594,618.1083333333333,3.65579084141031,2.245833333333333,0.8583333333333333,1.3333333333333333,0.9666666666666667,0.23333333333333334,0.7333333333333333,3.158333333333333,0.2717678100263852,0.42216358839050133,0.30606860158311344,0.07387862796833773,0.23218997361477572,0.057895718147100705
1,baseline,0.5275868368560799,0.11534053398491713,0.04874191584163061,0.8487943766706759,1.9153017171336846,0.314773915976065,0.37844965036529943,210553.01999775512,1418.173409887027,225174.57337635083,638.85,5.640123456790124,2.5083333333333333,0.6833333333333333,1.65,1.1583333333333334,0.26666666666666666,0.8916666666666667,3.4916666666666667,0.1957040572792363,0.47255369928400953,0.3317422434367542,0.07637231503579953,0.2553699284009546,-0.002458587931835954
1,waiting_period,0.5364466325024203,0.10097458975323573,0.0520167625547742,0.8472144008430286,1.939934564547606,0.27582306425093556,0.38809669522587453,214998.20081965937,1521.4435826525253,256442.94739593938,629.3583333333333,3.648197165358183,2.433333333333333,0.6916666666666667,1.5333333333333334,1.2666666666666666,0.2833333333333333,0.9833333333333333,3.4916666666666667,0.19809069212410502,0.43914081145584727,0.3627684964200477,0.081145584725537,0.28162291169451076,0.01557215220472874
1,ownership_cap_soft,0.5520752620100399,0.09821228295517861,0.046037317511183985,0.8597751582114093,1.898240034906127,0.24758224805867038,0.3919515143073771,209224.73712819774,1487.4092424195112,243544.71071926696,632.4083333333333,3.095545203588682,2.2291666666666665,1.0583333333333333,1.2416666666666667,1.1166666666666667,0.13333333333333333,0.9833333333333333,3.4166666666666665,0.3097560975609756,0.36341463414634145,0.32682926829268294,0.03902439024390244,0.28780487804878047,0.03330141653244012
1,ownership_cap_hard,0.5610289269824743,0.08877045243586376,0.04959594128160339,0.8520931597274436,1.8706436360641652,0.1637817944165264,0.36847856578042504,209310.73754200924,1577.3745183953672,236546.72803231239,641.2166666666667,3.4728154561487896,2.275,1.05,1.7333333333333334,1.2916666666666667,0.1,1.1916666666666667,4.075,0.25766871165644173,0.42535787321063395,0.3169734151329243,0.024539877300613498,0.29243353783231085,0.019062791714040905
1,purchase_tax,0.5397734911190769,0.10781046257874645,0.030946996199905062,0.8510972397185915,1.9120851176474205,0.3021807163545199,0.38115742605691705,215415.40063419254,1487.680347274058,242979.19947671535,644.2333333333333,3.963533471359558,2.525,0.7666666666666667,1.6583333333333334,1.3666666666666667,0.375,0.9916666666666667,3.7916666666666665,0.2021978021978022,0.43736263736263736,0.36043956043956044,0.0989010989010989,0.26153846153846155,0.015917490786787614
1,vacancy_tax,0.5305705907599455,0.08555057752887303,0.06880171824539043,0.8515088351701,1.9093793371248005,0.3001974235179735,0.39460505428370257,214531.090459831,1495.2993391093034,252742.09085573113,634.2916666666666,3.4656369731800765,2.3125,1.0,1.4833333333333334,1.225,0.31666666666666665,0.9083333333333333,3.7083333333333335,0.2696629213483146,0.4,0.3303370786516854,0.0853932584269663,0.2449438202247191,0.0380153953516027
1,portfolio_tax,0.5487362399371408,0.12718567213731044,0.05959524880076588,0.8531586291812988,1.9169663678258972,0.29358647157566786,0.38065476190476194,211349.40462990824,1422.9690237210355,251919.4780436433,633.425,3.6500345065562456,2.254166666666667,0.9333333333333333,1.575,1.325,0.425,0.9,3.8333333333333335,0.24347826086956523,0.4108695652173913,0.3456521739130435,0.1108695652173913,0.23478260869565218,0.03131431051654876
2,baseline,0.4663619113744175,0.0933694497854511,0.04472409792054683,0.8576484038633888,1.9729326861407839,0.3494571463268646,0.3837249677331703,205946.2465871655,1569.1426199535183,222598.0172936578,638.5,5.156824681824681,2.3833333333333333,0.8583333333333333,1.1916666666666667,1.0833333333333333,0.2833333333333333,0.8,3.1333333333333333,0.27393617021276595,0.3803191489361702,0.34574468085106386,0.09042553191489362,0.2553191489361702,0.019338464422073764
2,waiting_period,0.4942032171423915,0.08322596796227623,0.04602373135477283,0.8566464320341214,1.9370684700965994,0.33363636690275505,0.39721699501209357,213231.95330087282,1553.952451153451,252623.4535749137,640.9583333333334,4.134299628942486,2.3041666666666667,1.0083333333333333,1.1916666666666667,1.05,0.375,0.675,3.25,0.31025641025641026,0.36666666666666664,0.3230769230769231,0.11538461538461539,0.2076923076923077,0.03202501043340855
2,ownership_cap_soft,0.48689532499863813,0.08253153172606002,0.0543772527652419,0.8571023695204569,1.98841353864253,0.30138965070369905,0.4002380952380952,214501.34593600163,1562.9488549913017,265584.1648118175,633.5833333333334,3.5504754754754755,2.441666666666667,0.8666666666666667,1.2666666666666666,0.9,0.14166666666666666,0.7583333333333333,3.033333333333333,0.2857142857142857,0.4175824175824176,0.2967032967032967,0.046703296703296704,0.25,0.027118806931242245
2,ownership_cap_hard,0.5193411205230886,0.06890005356705652,0.040131127448530625,0.8677562461494193,1.9531978126256675,0.1724720281127777,0.3536832740196124,208279.60621427695,1563.148194029038,231189.32348159936,644.0833333333334,4.346610169491525,2.575,1.1333333333333333,1.425,1.25,0.06666666666666667,1.1833333333333333,3.808333333333333,0.2975929978118162,0.3741794310722101,0.3282275711159737,0.0175054704595186,0.31072210065645517,0.029684654933612054
2,purchase_tax,0.4760837498959289,0.09120326238770222,0.0427234300321026,0.8643373400413309,1.9976049424696012,0.3404212473213217,0.38874975945846973,208199.1309020391,1565.2460956359423,230775.3468829033,639.8416666666667,4.448764271790588,2.2941176470588234,1.0916666666666666,1.1916666666666667,1.125,0.3,0.825,3.408333333333333,0.3202933985330073,0.34963325183374083,0.33007334963325186,0.08801955990220049,0.24205378973105135,0.025626596710214944
2,vacancy_tax,0.465803085611694,0.09478834233058038,0.03722935280908136,0.8541149670227953,1.939745177792407,0.3419424694630501,0.3808455883269458,205766.21414372654,1624.7857087602317,218703.9126951322,651.275,4.619651636465795,2.408333333333333,0.825,1.4416666666666667,1.1916666666666667,0.3416666666666667,0.85,3.4583333333333335,0.2385542168674699,0.41686746987951806,0.344578313253012,0.09879518072289156,0.2457831325301205,0.0021446725890577056
2,portfolio_tax,0.4963666566398727,0.09436402763492678,0.05231526550655991,0.8507030356180013,1.9245280152894737,0.3276159224770103,0.3934166666666667,213220.38591303249,1545.2886310760505,249324.09912588607,630.35,3.537954980842912,2.3529411764705883,1.0,1.4083333333333334,1.0166666666666666,0.3416666666666667,0.675,3.425,0.291970802919708,0.41119221411192214,0.29683698296836986,0.09975669099756691,0.19708029197080293,0.03089844079860793
3,baseline,0.5386046762538773,0.09737099012100534,0.02486297972448707,0.8455780642774438,1.9902837305703585,0.3238080493707591,0.3499285714285714,219536.52438361317,1361.5320312459996,243906.48549888283,630.1833333333333,5.670935960591134,2.575,0.7583333333333333,1.675,0.6666666666666666,0.23333333333333334,0.43333333333333335,3.1,0.2446236559139785,0.5403225806451613,0.21505376344086022,0.07526881720430108,0.13978494623655913,-0.0007099611207953549
3,waiting_period,0.5153350626283909,0.0964775513349028,0.034534460360043616,0.8317470815785728,1.9936110047404179,0.29573001737072274,0.37996428571428564,224828.22768330548,1385.260819263672,264686.8167715122,626.5166666666667,4.798445463812436,2.404166666666667,0.8666666666666667,1.2583333333333333,0.825,0.30833333333333335,0.5166666666666667,2.95,0.2937853107344633,0.4265536723163842,0.2796610169491525,0.10451977401129943,0.1751412429378531,0.03414194390862768
3,ownership_cap_soft,0.534710335102701,0.09564708473324793,0.042152445639165564,0.8563102231362241,2.0500930573852827,0.26809588822287533,0.3647261904761905,220944.22650714792,1411.7144898340246,256734.70104640038,614.4083333333333,5.101275188105546,2.5708333333333333,0.7583333333333333,1.35,0.7916666666666666,0.14166666666666666,0.65,2.9,0.2614942528735632,0.46551724137931033,0.27298850574712646,0.04885057471264368,0.22413793103448276,0.04091860513913059
3,ownership_cap_hard,0.5620750856697101,0.0820303208239998,0.020711618910854948,0.8571629449845456,1.9915664479565598,0.19081762810899489,0.33755952380952375,215025.20030176494,1371.0981157727938,226703.0508800147,617.7583333333333,6.76245855154946,2.6333333333333333,0.8916666666666667,1.6583333333333334,0.7333333333333333,0.09166666666666666,0.6416666666666667,3.283333333333333,0.2715736040609137,0.5050761421319797,0.2233502538071066,0.027918781725888325,0.19543147208121828,0.014416890308482255
3,purchase_tax,0.5113069383240774,0.09814581094314206,0.046206486896924776,0.8473091357746462,2.0193672103902345,0.2781809442222594,0.3816785714285714,220124.5407636085,1387.1981049124008,266496.31362528575,628.9583333333334,5.439344503233392,2.470833333333333,0.6583333333333333,1.35,0.675,0.19166666666666668,0.48333333333333334,2.683333333333333,0.2453416149068323,0.5031055900621118,0.2515527950310559,0.07142857142857142,0.18012422360248448,0.029228529065914444
3,vacancy_tax,0.5303610545405025,0.08795933655638735,0.033023901168700964,0.8476915303695818,2.0165247168081115,0.2767670952539814,0.36939285714285713,224503.97815525305,1425.5346997729912,260695.25618113292,628.8416666666667,5.39767683152639,2.533333333333333,0.8916666666666667,1.3416666666666666,0.7833333333333333,0.275,0.5083333333333333,3.0166666666666666,0.2955801104972376,0.4447513812154696,0.2596685082872928,0.09116022099447514,0.1685082872928177,0.03620745553910121
3,portfolio_tax,0.5350198838574088,0.0899476955937633,0.04995705381647588,0.8510135729747821,1.948026097797958,0.26487826219622423,0.3757520209224916,212480.86226770963,1404.9666405942633,247052.2230222115,634.0416666666666,3.246255996255997,2.2583333333333333,0.975,1.4,1.0583333333333333,0.30833333333333335,0.75,3.433333333333333,0.28398058252427183,0.4077669902912621,0.308252427184466,0.08980582524271845,0.21844660194174756,0.04791430616172665
4,baseline,0.49771548862532694,0.05330665063588967,0.05810723876556539,0.8605298591017259,1.9777957179032521,0.39234160895698983,0.3272806538191094,196531.2855449429,1521.581547181888,201492.7457054725,644.5666666666667,6.348376292412989,13.945833333333333,0.9916666666666667,1.325,0.6,0.11666666666666667,0.48333333333333334,2.9166666666666665,0.34,0.4542857142857143,0.2057142857142857,0.04,0.1657142857142857,0.0475341415093653
4,waiting_period,0.49760882865178396,0.05948813056270618,0.04119950546777338,0.8684592125816285,1.9631429801543954,0.387528658373007,0.3301889014113082,196673.27849896022,1494.687128126591,191595.34449134447,650.0916666666667,6.873104478367637,7.75,1.0583333333333333,1.375,0.65,0.13333333333333333,0.5166666666666667,3.0833333333333335,0.34324324324324323,0.44594594594594594,0.21081081081081082,0.043243243243243246,0.16756756756756758,0.013805890107046359
4,ownership_cap_soft,0.5124164207836258,0.059938035084154566,0.04375860585856072,0.8606031851256805,1.980497814606559,0.35583343062950823,0.34045471025887486,195147.35169261426,1491.6644772638485,201135.35004678144,649.5083333333333,5.662726757369614,12.216666666666667,1.0916666666666666,1.3833333333333333,0.5666666666666667,0.10833333333333334,0.4583333333333333,3.0416666666666665,0.3589041095890411,0.4547945205479452,0.1863013698630137,0.03561643835616438,0.1506849315068493,0.03563709255525649
4,ownership_cap_hard,0.5275683961865725,0.05588428234438673,0.05073665692609895,0.8677921577906307,1.9571061747744394,0.23594170747359886,0.3060150627079442,190399.18678721812,1574.6652410555741,193309.7133291216,656.9916666666667,8.822120115102571,7.008333333333334,1.1916666666666667,1.375,0.7166666666666667,0.016666666666666666,0.7,3.283333333333333,0.3629441624365482,0.41878172588832485,0.2182741116751269,0.005076142131979695,0.2131979695431472,0.050043860084557634
4,purchase_tax,0.5244154795048079,0.06111740869977227,0.029209735405086933,0.8691972234377933,1.9710006139459546,0.3643987652138479,0.34072525302664247,192025.10172892298,1452.2454057515633,191765.81500286187,652.2,6.348242473242473,10.275,1.075,1.4083333333333334,0.6333333333333333,0.175,0.4583333333333333,3.1166666666666667,0.3449197860962567,0.45187165775401067,0.20320855614973263,0.05614973262032086,0.14705882352941177,0.03367330484734499
4,vacancy_tax,0.5059612129899163,0.05435441057892653,0.032393386552795084,0.8678682500026453,1.9438945386221869,0.3802281184231851,0.3292611746823217,193170.2913262588,1518.3424125740391,198881.69589000542,653.0916666666667,5.521597653554175,10.7125,1.1333333333333333,1.2416666666666667,0.5666666666666667,0.18333333333333332,0.38333333333333336,2.941666666666667,0.38526912181303113,0.42209631728045327,0.19263456090651557,0.06232294617563739,0.13031161473087818,0.030655876907960344
4,portfolio_tax,0.4999602005776541,0.0613415547756546,0.06177731345256353,0.8596409549215637,1.96149705387461,0.373018262374228,0.3341190476190476,196719.5081735347,1506.6859395548468,207317.26665378813,638.3583333333333,6.399005499005499,9.0125,0.75,1.4583333333333333,0.6166666666666667,0.175,0.44166666666666665,2.825,0.26548672566371684,0.5162241887905604,0.2182890855457227,0.061946902654867256,0.15634218289085547,0.04795659744275094
5,baseline,0.4747323328578224,0.08592116509652335,0.02806744229445628,0.8570096238448062,1.9101272764165649,0.3234604266754856,0.40688095238095234,199888.65770084268,1468.2755183282488,224260.24608952558,632.725,3.281102900930487,2.4125,0.8,1.2666666666666666,1.375,0.36666666666666664,1.0083333333333333,3.441666666666667,0.2324455205811138,0.36803874092009686,0.39951573849878935,0.10653753026634383,0.2929782082324455,0.01910419125270324
5,waiting_period,0.48250331213025105,0.0864071095043018,0.06124319400616094,0.8582247734972872,1.9066460117154462,0.32846808926618026,0.38436904761904767,198258.4615982201,1493.9961622761527,223799.72210968012,634.925,3.8947762725779964,2.225,1.0,1.1083333333333334,1.2916666666666667,0.31666666666666665,0.975,3.4,0.29411764705882354,0.32598039215686275,0.3799019607843137,0.09313725490196079,0.2867647058823529,0.04135921828517741
5,ownership_cap_soft,0.49769579348781384,0.0868748689762737,0.046576445646832394,0.854739296288695,1.8999536459480664,0.3174997314865333,0.3804285714285714,206509.69563319627,1511.7859008089306,255572.21336520984,638.225,3.8749999999999996,2.379166666666667,0.9,1.325,0.875,0.14166666666666666,0.7333333333333333,3.1,0.2903225806451613,0.4274193548387097,0.28225806451612906,0.0456989247311828,0.23655913978494625,0.03581468103179941
5,ownership_cap_hard,0.5048853499136106,0.07036323054562012,0.06256646486855345,0.8619949132415601,1.9057582520614471,0.184611240820514,0.3473191757130937,194976.8768799259,1454.819840480567,226133.78890847912,632.975,4.275559976422046,2.216666666666667,1.2166666666666666,1.1916666666666667,1.025,0.05,0.975,3.433333333333333,0.35436893203883496,0.3470873786407767,0.29854368932038833,0.014563106796116505,0.28398058252427183,0.06286032014636889
5,purchase_tax,0.4646920714475157,0.08359242286876399,0.06533634872026062,0.8525473301183513,1.9356668055430986,0.32386925537802314,0.4090363954179743,205587.46824208196,1540.5818910671326,259449.42395025012,633.7083333333334,3.6946570294784586,2.441666666666667,0.75,1.1583333333333334,1.225,0.3,0.925,3.1333333333333333,0.2393617021276596,0.3696808510638298,0.39095744680851063,0.09574468085106383,0.29521276595744683,0.05036311433530183
5,vacancy_tax,0.4702600285322351,0.08299734037957195,0.05643030016352949,0.8559049344899899,1.9177518027468057,0.32472144979808487,0.4175512980904773,203224.4041201987,1456.1211368316774,257126.1146932477,638.1916666666667,3.335960960960961,2.15,0.9083333333333333,1.1416666666666666,1.1666666666666667,0.2916666666666667,0.875,3.216666666666667,0.2823834196891192,0.3549222797927461,0.3626943005181347,0.09067357512953368,0.27202072538860106,0.06119893484716932
5,portfolio_tax,0.489987571255777,0.08560580399850436,0.05476612571075314,0.8446650492811341,1.914245296454449,0.35660099743282636,0.37478263176242116,209446.46775711066,1557.8353939446363,249181.6799922958,642.2333333333333,4.599833110814419,2.5375,0.7333333333333333,1.4666666666666666,1.1,0.35833333333333334,0.7416666666666667,3.3,0.2222222222222222,0.4444444444444444,0.3333333333333333,0.10858585858585859,0.22474747474747475,0.01584192325787903
6,baseline,0.5522584630869513,0.07599602717347542,0.046299581151703635,0.8583624179733074,1.9334607943268267,0.3776586996433405,0.3285119047619048,193940.37570467274,1427.8361850179285,215076.19462506304,632.2333333333333,4.0036295840175145,2.308333333333333,1.0166666666666666,1.5166666666666666,0.85,0.31666666666666665,0.5333333333333333,3.3833333333333333,0.30049261083743845,0.4482758620689655,0.2512315270935961,0.09359605911330049,0.15763546798029557,0.012716838664187158
6,waiting_period,0.5864998624216632,0.07048050299811776,0.04902139577479006,0.8724816354172116,1.979991820935116,0.39461279628656276,0.3082142857142857,194292.1836664596,1357.611760507852,212283.69762070564,616.5,4.129537154094676,2.3,1.2,1.1833333333333333,0.6666666666666666,0.25,0.4166666666666667,3.05,0.39344262295081966,0.3879781420765027,0.2185792349726776,0.08196721311475409,0.1366120218579235,0.011784210387816962
6,ownership_cap_soft,0.5656692204418352,0.07262358379395512,0.06227824188969035,0.8623401164796246,1.934835642619165,0.37994069575204864,0.31016666666666665,190011.43699557838,1433.3975573309842,210874.19638176187,625.0833333333334,4.502591656131479,2.2375,1.0416666666666667,1.2083333333333333,0.7083333333333334,0.175,0.5333333333333333,2.9583333333333335,0.352112676056338,0.4084507042253521,0.23943661971830985,0.059154929577464786,0.18028169014084508,0.011616823519009722
6,ownership_cap_hard,0.5914774609607129,0.061206878506954075,0.04773513900011738,0.8568102275518561,1.8901093588692257,0.2305828376052836,0.2608420478357884,188897.73327851415,1464.432099012236,213785.07934503883,636.6166666666667,4.066536796536798,2.2875,1.1416666666666666,1.5833333333333333,0.49166666666666664,0.08333333333333333,0.4083333333333333,3.216666666666667,0.3549222797927461,0.49222797927461137,0.15284974093264247,0.025906735751295335,0.12694300518134716,0.03225103172539856
6,purchase_tax,0.55402646276115,0.0740320054972662,0.057848686806477506,0.866168806580331,1.9405191870229082,0.37853499854069683,0.3281904761904761,193581.87711153284,1341.947189764144,223787.61175912822,618.5,5.453882449719018,2.3781512605042017,1.1333333333333333,1.325,0.6,0.25833333333333336,0.3416666666666667,3.058333333333333,0.37057220708446864,0.4332425068119891,0.19618528610354224,0.08446866485013624,0.11171662125340599,0.04292790870860186
6,vacancy_tax,0.5664267183584553,0.07268152633491913,0.05600584123353373,0.8581302782837337,1.9286041724720537,0.40017751528975076,0.3093214285714286,193712.7688063698,1411.863531886648,219028.72017328924,624.9833333333333,4.345593149540518,2.25,1.0666666666666667,1.2916666666666667,0.6583333333333333,0.25833333333333336,0.4,3.0166666666666666,0.35359116022099446,0.4281767955801105,0.21823204419889503,0.0856353591160221,0.13259668508287292,0.02585655470929682
6,portfolio_tax,0.5690156963375043,0.07377255250975255,0.04579135761748198,0.8584729280308481,1.8944668051152933,0.3704556713849658,0.3233095238095238,190968.81874042758,1390.4032595101328,210090.85516141166,618.8333333333334,3.978564783170046,2.2083333333333335,1.1,1.4666666666666666,0.7333333333333333,0.3333333333333333,0.4,3.3,0.3333333333333333,0.4444444444444444,0.2222222222222222,0.10101010101010101,0.12121212121212122,0.015581904384690759
7,baseline,0.5106530618975361,0.08184618419547693,0.05125159072818971,0.8472848875496848,1.8606554851860584,0.37189775851237467,0.33939913173246505,208650.38875468305,1561.5954974247034,244060.66872625874,627.6583333333333,5.728687315634218,9.654166666666667,0.7083333333333334,1.5333333333333334,0.9333333333333333,0.31666666666666665,0.6166666666666667,3.175,0.2230971128608924,0.48293963254593175,0.29396325459317585,0.09973753280839895,0.1942257217847769,-0.0021737099391339054
7,waiting_period,0.5087273256807124,0.08356642415139211,0.038683716826200205,0.8437092846121856,1.8340829840749209,0.35095839971207365,0.3706904761904762,205042.0596549295,1483.3927201466338,240753.01066129323,601.0,4.738497082627517,17.1875,0.8583333333333333,1.2333333333333334,1.05,0.3416666666666667,0.7083333333333334,3.1416666666666666,0.27320954907161804,0.3925729442970822,0.33421750663129973,0.10875331564986737,0.22546419098143236,0.030808507373685456
7,ownership_cap_soft,0.510923017232326,0.08463733704474423,0.06468688913914866,0.8526540359037011,1.8371410264483121,0.32295246633510327,0.3643214285714285,207517.41818463296,1470.4153163131627,239438.72430757404,615.3416666666667,4.599499654934438,7.641666666666667,1.0416666666666667,1.3,0.85,0.175,0.675,3.191666666666667,0.3263707571801567,0.4073107049608355,0.26631853785900783,0.05483028720626632,0.21148825065274152,0.04249700771909248
7,ownership_cap_hard,0.5129562010341686,0.08048088301296476,0.04108443481066227,0.8640187377709668,1.911841937026424,0.20402691331984474,0.32797619047619053,197008.9287737448,1461.884477857519,212143.8484011437,615.5583333333333,9.012701955782314,2.879166666666667,0.9083333333333333,1.1833333333333333,0.925,0.08333333333333333,0.8416666666666667,3.0166666666666666,0.3011049723756906,0.39226519337016574,0.30662983425414364,0.027624309392265192,0.27900552486187846,0.04263278904441847
7,purchase_tax,0.5285191576455707,0.09387665644618565,0.0348851374182347,0.8512584352816454,1.8153604626471576,0.366190875457522,0.3435714285714286,201920.84962448516,1405.0584309329322,206257.31778531213,605.8083333333333,5.005340038314176,14.925,0.9916666666666667,1.4333333333333333,1.0666666666666667,0.24166666666666667,0.825,3.4916666666666667,0.2840095465393795,0.4105011933174224,0.3054892601431981,0.06921241050119331,0.23627684964200477,0.0035475275116472194
7,vacancy_tax,0.5013389065958678,0.096118142318616,0.043390217923913246,0.8435293595641628,1.813635382560244,0.3566889056312827,0.3627857142857143,205912.8358383886,1476.2043802876728,218574.02074809992,620.7083333333334,4.969951105442178,10.733333333333333,0.8833333333333333,1.4083333333333334,1.075,0.30833333333333335,0.7666666666666667,3.3666666666666667,0.2623762376237624,0.4183168316831683,0.3193069306930693,0.09158415841584158,0.22772277227722773,0.011294678633074318
7,portfolio_tax,0.49771589772902813,0.08710061590882795,0.06295324906703818,0.8474161068398144,1.8748237948320088,0.31928793903640446,0.3638214285714286,204734.4611059344,1531.559864450411,248860.31031201812,622.8583333333333,4.978134784502708,10.7125,0.8166666666666667,1.1583333333333334,1.0666666666666667,0.30833333333333335,0.7583333333333333,3.0416666666666665,0.2684931506849315,0.38082191780821917,0.3506849315068493,0.10136986301369863,0.2493150684931507,0.06494283253198119
8,baseline,0.5293541476075978,0.07802425234942369,0.04105755275767305,0.8778889414494809,1.9546779459110526,0.31507593853544213,0.36055952380952383,192510.7846055591,1350.651768400162,203461.4847684341,580.1833333333333,5.931261662188386,12.170833333333333,1.125,1.2083333333333333,1.1083333333333334,0.2916666666666667,0.8166666666666667,3.441666666666667,0.3268765133171913,0.35108958837772397,0.3220338983050847,0.0847457627118644,0.23728813559322035,0.03324901656603685
8,waiting_period,0.5262962671106118,0.08056635540414021,0.03927559050648518,0.8765507556276211,1.9492465509302832,0.32172018429819793,0.3556547619047619,187141.6920061472,1322.3631009235658,206266.28917840996,580.0916666666667,5.329349385800247,18.491666666666667,1.1083333333333334,1.125,1.0833333333333333,0.23333333333333334,0.85,3.316666666666667,0.3341708542713568,0.3391959798994975,0.32663316582914576,0.07035175879396985,0.2562814070351759,0.043956197717329726
8,ownership_cap_soft,0.5266188487663768,0.0900604613079799,0.04037420607166961,0.8743431357026351,1.9557898710331372,0.2952028566614189,0.36682142857142863,191255.91564780704,1344.6783939116815,198199.89452045033,584.2833333333333,6.2228851395518054,18.916666666666668,0.9833333333333333,1.2333333333333334,1.275,0.15833333333333333,1.1166666666666667,3.4916666666666667,0.28162291169451076,0.3532219570405728,0.36515513126491644,0.045346062052505964,0.3198090692124105,0.0382919356971112
8,ownership_cap_hard,0.5047101523543069,0.08004434303602549,0.06394141406521399,0.8778167556254098,1.9638476852065088,0.19707380206013436,0.3775714285714286,183624.5962735139,1374.671127490942,188841.03641594105,578.4083333333333,9.835993169197506,5.357142857142857,0.875,0.975,1.3916666666666666,0.075,1.3166666666666667,3.2416666666666667,0.2699228791773779,0.30077120822622105,0.42930591259640105,0.02313624678663239,0.40616966580976865,0.05469802430934134
8,purchase_tax,0.5093267475095226,0.08072964751264533,0.04808171579811442,0.8757914022521737,1.9713483594379748,0.3127350047741223,0.36920238095238095,193025.1667527134,1379.2472439640921,214651.39663363824,578.4583333333334,5.633957274609449,25.225,0.9333333333333333,1.3083333333333333,1.0833333333333333,0.19166666666666668,0.8916666666666667,3.325,0.2807017543859649,0.39348370927318294,0.3258145363408521,0.05764411027568922,0.2681704260651629,0.05483769855938081
8,vacancy_tax,0.5364543543053222,0.08698346503598238,0.03362410985465944,0.8650194780274033,1.8920783536140848,0.3343397665049471,0.3446428571428572,191537.9812026685,1340.2911518058177,203634.19398413136,579.0833333333334,4.930570409982174,18.379166666666666,0.9,1.4583333333333333,1.2333333333333334,0.25,0.9833333333333333,3.591666666666667,0.2505800464037123,0.4060324825986079,0.3433874709976798,0.06960556844547564,0.2737819025522042,0.029820623345867103
8,portfolio_tax,0.5039201732284727,0.08055196078513785,0.04687770589546367,0.8789859029020275,1.9626104867730083,0.3039614584044333,0.3615238095238095,188637.52623879735,1398.0303778579255,204046.69328017347,583.1,6.506907571288102,16.254166666666666,0.9833333333333333,1.125,1.2166666666666666,0.25,0.9666666666666667,3.325,0.2957393483709273,0.3383458646616541,0.3659147869674185,0.07518796992481203,0.2907268170426065,0.0678725704806098
9,baseline,0.4773645740126978,0.06369285384510981,0.0489493433905622,0.8603278580432817,1.9870442912507698,0.3655591171283795,0.3890711231872431,210842.02740840177,1538.5908194516976,232225.5917124509,667.25,3.414032567049808,2.1125,0.9333333333333333,1.1916666666666667,0.8583333333333333,0.25,0.6083333333333333,2.9833333333333334,0.3128491620111732,0.3994413407821229,0.2877094972067039,0.08379888268156424,0.20391061452513967,0.028894804480613878
9,waiting_period,0.522580588843775,0.06384237213449705,0.04092093820926844,0.8581955933906069,1.8987424987845711,0.3870708351628226,0.34405383769475034,214900.94330321724,1507.3486210565436,239075.73860004675,677.3166666666667,3.9915138782785844,2.35,1.0583333333333333,1.4,0.8833333333333333,0.275,0.6083333333333333,3.341666666666667,0.3167082294264339,0.41895261845386533,0.26433915211970077,0.08229426433915212,0.18204488778054864,0.0340082854416377
9,ownership_cap_soft,0.4971411306089177,0.06495634112561227,0.06305383565053502,0.8574059565367735,1.9275800627919735,0.340011696615628,0.3777054769564323,208245.24915674893,1535.456654347045,224110.7693087292,665.1583333333333,3.450382901698691,2.042372881355932,0.9,1.3583333333333334,0.9583333333333334,0.18333333333333332,0.775,3.216666666666667,0.27979274611398963,0.422279792746114,0.2979274611398964,0.05699481865284974,0.24093264248704663,0.03150209407803395
9,ownership_cap_hard,0.5339719707461564,0.05577437052930174,0.026411317818626778,0.8551732820210115,1.9202852363579912,0.21643026340367102,0.3292821503375277,205601.20828015247,1603.5503172001104,220677.43390874422,674.25,5.3135649087221095,2.433333333333333,1.0666666666666667,1.5666666666666667,0.8833333333333333,0.025,0.8583333333333333,3.5166666666666666,0.3033175355450237,0.44549763033175355,0.25118483412322273,0.0071090047393364926,0.24407582938388625,0.025036181899027676
9,purchase_tax,0.4965719772942148,0.06467661438692031,0.042282557078896166,0.8586901595847702,1.9600247398316875,0.3703506150186546,0.37212471993861673,212428.49378592026,1508.6639097653008,229492.27520660756,668.15,4.387168580212059,2.2375,0.8,1.4583333333333333,0.875,0.18333333333333332,0.6916666666666667,3.1333333333333333,0.2553191489361702,0.4654255319148936,0.27925531914893614,0.05851063829787234,0.22074468085106383,0.024541231399496377
9,vacancy_tax,0.48409138179501837,0.06446360163424088,0.05334697391608746,0.851515349859567,1.9411425010943002,0.3674285437805672,0.3784767655579089,210912.00736842712,1551.0811927792934,234604.96255462797,674.5583333333333,4.315565134099617,2.6166666666666667,0.7583333333333333,1.4916666666666667,0.8916666666666667,0.225,0.6666666666666666,3.1416666666666666,0.2413793103448276,0.47480106100795755,0.2838196286472148,0.07161803713527852,0.21220159151193635,0.020590823498436883
9,portfolio_tax,0.5146207294442363,0.07295957684278731,0.044262952577728214,0.8446550475896676,1.8720854305987538,0.3884979485733361,0.3507097584470028,213988.1501592614,1509.3742830613055,234436.44401512996,684.175,4.039482371119539,2.180672268907563,0.9916666666666667,1.5833333333333333,0.8666666666666667,0.2916666666666667,0.575,3.441666666666667,0.288135593220339,0.4600484261501211,0.25181598062953997,0.0847457627118644,0.16707021791767554,0.026891966826798175
10,baseline,0.5885408635691377,0.1581761449599783,0.023848724766825032,0.8593182391747382,1.9011042700392196,0.2588652000965894,0.3795952380952381,210052.6259753949,1288.4388414438151,216438.77095753836,627.875,4.612330576169861,2.5208333333333335,1.4166666666666667,1.3833333333333333,1.225,0.375,0.85,4.025,0.35196687370600416,0.34368530020703936,0.30434782608695654,0.09316770186335403,0.2111801242236025,0.021600635714578376
10,waiting_period,0.5585385056886641,0.18955714043546484,0.044928061583762655,0.8408503535719021,1.9119286346241255,0.2742862438059265,0.4051547619047619,214686.81261235743,1300.2744910173108,239468.5861931029,619.95,4.753998223998224,2.2583333333333333,1.0,1.5416666666666667,1.7583333333333333,0.6416666666666667,1.1166666666666667,4.3,0.23255813953488372,0.35852713178294576,0.40891472868217055,0.14922480620155038,0.2596899224806202,0.0232130194048783
10,ownership_cap_soft,0.5512451242484186,0.17395035808649847,0.04485301787885857,0.8473201797224011,1.8831089852180796,0.2133779045126209,0.39969467148381493,211810.29508247704,1312.8347365003895,235669.60093768002,631.8,5.374403963784495,2.4541666666666666,1.0916666666666666,1.6166666666666667,1.3833333333333333,0.13333333333333333,1.25,4.091666666666667,0.2668024439918534,0.395112016293279,0.3380855397148676,0.032586558044806514,0.3054989816700611,0.048184267056400776
10,ownership_cap_hard,0.5655751346716918,0.1581127168108342,0.05217243286626195,0.8572721657998614,1.9411081136287152,0.14342876791385362,0.3912023809523809,210153.97490890298,1305.949550138282,233791.60923568235,618.6166666666667,4.728718260297207,2.4125,1.125,1.5333333333333334,1.4083333333333334,0.14166666666666666,1.2666666666666666,4.066666666666666,0.2766393442622951,0.3770491803278688,0.3463114754098361,0.03483606557377049,0.3114754098360656,0.04765131702062653
10,purchase_tax,0.5376864740748056,0.18387537230825382,0.05007514580635763,0.8539871656636777,1.9561408001351515,0.2530637452100612,0.4211904761904762,209434.36846553162,1309.3522956288964,232335.3705406446,627.1916666666667,4.06374216353208,2.475,0.8833333333333333,1.5916666666666666,1.8416666666666666,0.39166666666666666,1.45,4.316666666666666,0.20463320463320464,0.3687258687258687,0.4266409266409266,0.09073359073359073,0.3359073359073359,0.031102859465660826
10,vacancy_tax,0.5562281007036529,0.23687778513226346,0.039404552467863764,0.8533912227374039,1.8914164073969508,0.23212932603021413,0.42201190476190475,208536.52736833013,1251.4125212430247,212307.3408320795,619.9666666666667,4.3824001524981915,2.4583333333333335,1.25,1.575,1.8916666666666666,0.4583333333333333,1.4333333333333333,4.716666666666667,0.26501766784452296,0.3339222614840989,0.4010600706713781,0.09717314487632508,0.303886925795053,0.03209810567791571
10,portfolio_tax,0.5736264911050327,0.18759083465773205,0.06254680166047386,0.8515827367608864,1.9218236846210484,0.24758056494805464,0.39851190476190473,211676.42262528697,1299.7407019540428,243394.45260000546,623.0583333333333,5.427504392159564,2.4833333333333334,1.0333333333333334,1.5166666666666666,1.4583333333333333,0.4,1.0583333333333333,4.008333333333334,0.2577962577962578,0.3783783783783784,0.36382536382536385,0.0997920997920998,0.26403326403326405,0.05301497642724451
11,baseline,0.5344722028253682,0.06338801174815935,0.03251777469418646,0.834219290013609,1.9010562676421903,0.29809965626348417,0.36625,223659.87647703997,1442.7224077929025,256801.94113699466,601.6416666666667,3.9063290430262905,2.341666666666667,0.6333333333333333,1.4083333333333334,1.0083333333333333,0.19166666666666668,0.8166666666666667,3.05,0.20765027322404372,0.46174863387978143,0.33060109289617484,0.06284153005464481,0.2677595628415301,0.002029676450323592
11,waiting_period,0.5376542179207798,0.05980987906064134,0.018197946103183156,0.8256556160531319,1.846859604413094,0.33995203991313233,0.37385714285714283,227263.24775470773,1426.4972651081298,259318.8119678629,603.8583333333333,3.740198510337399,2.15,0.7583333333333333,1.375,0.925,0.31666666666666665,0.6083333333333333,3.058333333333333,0.24795640326975477,0.44959128065395093,0.3024523160762943,0.10354223433242507,0.1989100817438692,-0.00694501290833327
11,ownership_cap_soft,0.5279994017754028,0.05647584571104521,0.036903407591572006,0.8342926350876673,1.8725393335558205,0.2600611809566968,0.3676785714285715,227876.2896920738,1460.3185754810936,276309.9127538531,604.5333333333333,3.418483504512916,2.19327731092437,0.5583333333333333,1.5333333333333334,0.9166666666666666,0.10833333333333334,0.8083333333333333,3.0083333333333333,0.18559556786703602,0.5096952908587258,0.3047091412742382,0.036011080332409975,0.26869806094182824,0.0317989187839125
11,ownership_cap_hard,0.5368676910605632,0.05217544360875852,0.019128121061817858,0.8379906170044087,1.8623697953328793,0.1903744462286812,0.34833333333333333,221511.41347841028,1470.9440840757127,245314.9036080611,601.5166666666667,4.092334384119375,2.2083333333333335,0.7666666666666667,1.45,1.2916666666666667,0.016666666666666666,1.275,3.5083333333333333,0.21852731591448932,0.41330166270783847,0.3681710213776722,0.004750593824228029,0.36342042755344417,0.01059533764975873
11,purchase_tax,0.5186867046914819,0.05682275511665626,0.032307542598183775,0.8409624409230935,1.9026493470654209,0.29315263518129336,0.3880357142857143,222970.67517665148,1459.3317032331308,256568.49525716194,594.7916666666666,4.377925214881738,2.2958333333333334,0.6583333333333333,1.5166666666666666,1.2166666666666666,0.19166666666666668,1.025,3.3916666666666666,0.1941031941031941,0.44717444717444715,0.35872235872235875,0.056511056511056514,0.3022113022113022,-0.0010384089950939979
11,vacancy_tax,0.5346735797524168,0.0558516513556283,0.0333276893747811,0.8257352830937125,1.8564221004060841,0.30749469504811117,0.356,232163.6123674871,1465.8000426049452,275914.0528893458,607.5416666666666,4.594432194365349,2.433333333333333,0.55,1.7083333333333333,0.85,0.20833333333333334,0.6416666666666667,3.1083333333333334,0.1769436997319035,0.5495978552278821,0.2734584450402145,0.06702412868632708,0.2064343163538874,0.001829137161041272
11,portfolio_tax,0.5416728935757043,0.056528415659864974,0.032293868223320026,0.8277972888731129,1.8842900301297776,0.3101192809357188,0.3522023809523809,226746.67281682856,1468.161178772687,276655.6264817507,599.2416666666667,4.519809914903372,2.4375,0.6833333333333333,1.525,0.8666666666666667,0.20833333333333334,0.6583333333333333,3.075,0.2222222222222222,0.4959349593495935,0.28184281842818426,0.06775067750677506,0.2140921409214092,0.02234175792301052
12,baseline,0.4987625400744501,0.07811042169611548,0.06530458269479233,0.8687578257789892,2.078598686650072,0.2749061108997498,0.40475000000000005,200408.24752024043,1406.3693219962192,266532.5922900793,580.7333333333333,4.575786302175191,2.308333333333333,0.7833333333333333,1.2,0.9333333333333333,0.175,0.7583333333333333,2.9166666666666665,0.26857142857142857,0.4114285714285714,0.32,0.06,0.26,0.06258399214458787
12,waiting_period,0.4758451269106783,0.08666558305402425,0.04684500248025935,0.8563623621828899,2.0478301382037585,0.2739199727260923,0.40795238095238096,202393.8947330702,1422.3760766239623,231771.93419366123,582.3833333333333,4.378029675638372,2.2958333333333334,0.675,1.4666666666666666,1.2583333333333333,0.25833333333333336,1.0,3.4,0.19852941176470587,0.43137254901960786,0.3700980392156863,0.07598039215686274,0.29411764705882354,0.008429897475361159
12,ownership_cap_soft,0.47766858400250956,0.07583721906698936,0.06263246374897548,0.879652792205451,2.113356312126216,0.2520384133967258,0.4219880952380952,195984.0818502439,1452.8548151676762,235449.9314575078,596.0583333333333,4.0561693267050405,2.096638655462185,1.175,0.925,1.1083333333333334,0.13333333333333333,0.975,3.2083333333333335,0.36623376623376624,0.2883116883116883,0.34545454545454546,0.04155844155844156,0.3038961038961039,0.0608264499062916
12,ownership_cap_hard,0.5235671458625863,0.06460750591506473,0.029030687173186933,0.8755927108725726,2.0407443302195403,0.16862350129360745,0.38279761904761916,190888.40959283104,1368.356067118701,225786.068172687,585.9583333333334,5.332309048975715,2.2916666666666665,1.0416666666666667,1.2833333333333334,1.1583333333333334,0.016666666666666666,1.1416666666666666,3.4833333333333334,0.29904306220095694,0.3684210526315789,0.33253588516746413,0.004784688995215311,0.3277511961722488,0.039437587254669726
12,purchase_tax,0.4875258227278657,0.07773373728355135,0.046403912965160124,0.8752221534101949,2.10151620999328,0.26694144749523857,0.41370238095238093,198438.20173093598,1421.2514680394893,244602.59539318,587.1,3.821390546390546,2.341666666666667,0.925,1.1166666666666667,1.0833333333333333,0.16666666666666666,0.9166666666666666,3.125,0.296,0.35733333333333334,0.3466666666666667,0.05333333333333334,0.29333333333333333,0.06368548422760334
12,vacancy_tax,0.5006304579037821,0.0860797814892978,0.04947102863371509,0.8696426135972248,2.0353468473529963,0.27822559790342066,0.4098690476190476,193997.85635686349,1400.9041302019716,218759.57208394122,584.025,3.256203323966482,2.1554621848739495,0.9666666666666667,1.1833333333333333,1.4333333333333333,0.21666666666666667,1.2166666666666666,3.5833333333333335,0.26976744186046514,0.3302325581395349,0.4,0.06046511627906977,0.3395348837209302,0.023069647723554132
12,portfolio_tax,0.48494271074598483,0.07712562697600424,0.05454603630452205,0.8703483042748797,2.102888333439386,0.2701270384851343,0.41064285714285714,200275.44926269804,1417.085266426714,247027.2177532766,583.3583333333333,4.070421047206762,2.308333333333333,0.85,1.05,1.175,0.25,0.925,3.075,0.2764227642276423,0.34146341463414637,0.3821138211382114,0.08130081300813008,0.3008130081300813,0.04532448711245873
13,baseline,0.4996120345340517,0.15036255024593748,0.046851025858336684,0.8458501838764996,1.8446580949705262,0.25030072845990525,0.4181608664256669,201475.31558543313,1195.332143364646,219747.8850944997,655.1416666666667,5.84286186036186,2.5875,1.1583333333333334,1.5583333333333333,1.1333333333333333,0.25833333333333336,0.875,3.85,0.3008658008658009,0.40476190476190477,0.2943722943722944,0.0670995670995671,0.22727272727272727,0.04756401845710778
13,waiting_period,0.4844360431468454,0.1886585350593899,0.04218215085875556,0.848519436518183,1.8742180863889975,0.23717850272345878,0.4284840381363416,194875.70528534992,1193.0176960937165,203958.83248490287,663.3083333333333,5.133839542100412,2.433333333333333,1.1583333333333334,1.5833333333333333,1.975,0.55,1.425,4.716666666666667,0.24558303886925795,0.33568904593639576,0.41872791519434627,0.1166077738515901,0.30212014134275617,0.04060112780231506
13,ownership_cap_soft,0.5274219868917895,0.15641302110204855,0.022365798808108992,0.8584479132326984,1.8363999593416982,0.19064220681847502,0.40819006985095224,199317.78338468782,1212.1663447547687,203100.00575024888,643.9083333333333,4.57420242388191,2.4291666666666667,1.35,1.45,1.5666666666666667,0.175,1.3916666666666666,4.366666666666666,0.30916030534351147,0.3320610687022901,0.35877862595419846,0.04007633587786259,0.3187022900763359,0.01535232638509787
13,ownership_cap_hard,0.5380922658074757,0.12211066985313947,0.035089200740630426,0.8575861967024291,1.8323404031164836,0.14196786623489038,0.37730942738986584,198918.3188034982,1271.5032771157212,212331.08733173058,654.8166666666667,5.849485253871662,2.7125,1.4583333333333333,1.4416666666666667,1.0416666666666667,0.23333333333333334,0.8083333333333333,3.941666666666667,0.3699788583509514,0.3657505285412262,0.2642706131078224,0.05919661733615222,0.20507399577167018,0.03463249854479633
13,purchase_tax,0.5260666076088725,0.14824328379214122,0.030960213738650745,0.8541774042231612,1.8544817112852987,0.26680146304267455,0.40556706723844543,206051.10924807668,1237.8780142770822,214448.8231417575,646.95,6.967516505127125,2.754166666666667,1.15,1.2333333333333334,0.875,0.20833333333333334,0.6666666666666666,3.2583333333333333,0.35294117647058826,0.37851662404092073,0.26854219948849106,0.0639386189258312,0.20460358056265984,0.03286683117934808
13,vacancy_tax,0.527971902397809,0.13832432408552103,0.04488597238135682,0.855858008557796,1.82246670540674,0.26106010880136027,0.39874784909829947,198397.45415892592,1243.5763285948121,222725.62154544992,652.625,4.126280712464923,2.5083333333333333,1.2083333333333333,1.5833333333333333,1.2166666666666666,0.38333333333333336,0.8333333333333334,4.008333333333334,0.30145530145530147,0.39501039501039503,0.30353430353430355,0.09563409563409564,0.2079002079002079,0.050892780697333606
13,portfolio_tax,0.5044719877170111,0.12456062795371879,0.04501185554301794,0.8510252561177573,1.8523364326604557,0.24495296287202606,0.4203230815557228,202099.06667120394,1270.8563620654338,219211.8817100609,643.7916666666666,4.040518331226297,2.525,1.225,1.4583333333333333,1.3,0.4083333333333333,0.8916666666666667,3.9833333333333334,0.3075313807531381,0.36610878661087864,0.3263598326359833,0.10251046025104603,0.22384937238493724,0.045462915104850676
14,baseline,0.49112911519067676,0.09134260621235726,0.06215550935127793,0.8547831727149939,1.9283318660905104,0.26426540182920405,0.40583070968315504,203598.8065551532,1464.3077917427609,241204.11650041342,637.7416666666667,3.6505629604313814,4.1625,0.9833333333333333,1.2083333333333333,1.2083333333333333,0.26666666666666666,0.9416666666666667,3.4,0.28921568627450983,0.3553921568627451,0.3553921568627451,0.0784313725490196,0.2769607843137255,0.050162380020910335
14,waiting_period,0.50637020811652,0.10292992329270666,0.057341399941326955,0.8402525908091104,1.8380165075303914,0.28707080921551686,0.38785659595500094,203721.6694039667,1402.687589379762,260319.37085014422,634.7916666666666,3.983120996936787,4.170833333333333,0.7333333333333333,1.45,1.2166666666666666,0.2833333333333333,0.9333333333333333,3.4,0.21568627450980393,0.4264705882352941,0.35784313725490197,0.08333333333333333,0.27450980392156865,0.022829245097272244
14,ownership_cap_soft,0.48534067993405405,0.08988870498765825,0.07398621162304618,0.8491719148971346,1.8784233227251972,0.24813091927339948,0.3831744841494604,205441.63302253734,1443.6482974814141,235998.20588323715,637.2416666666667,3.8910192147034253,4.336134453781512,0.7833333333333333,1.2583333333333333,1.275,0.125,1.15,3.316666666666667,0.23618090452261306,0.3793969849246231,0.3844221105527638,0.03768844221105527,0.34673366834170855,0.03974466714919611
14,ownership_cap_hard,0.5063700686890482,0.08131517640848891,0.07363292210534426,0.8531827014674983,1.852524184027419,0.16132702161520932,0.37982142857142853,197516.71339561243,1467.445839650889,237544.85940488795,630.0916666666667,4.185671179103382,4.379166666666666,0.8833333333333333,1.3083333333333333,1.1833333333333333,0.05,1.1333333333333333,3.375,0.2617283950617284,0.38765432098765434,0.3506172839506173,0.014814814814814815,0.3358024691358025,0.04448065444294724
14,purchase_tax,0.49647112488635475,0.0840810899551163,0.050909841234886996,0.8488740456428955,1.8707136269319287,0.26810659507168766,0.3997696511632117,206975.58221605653,1434.485260019054,251493.32691772672,628.2666666666667,3.555378028404344,5.383333333333334,0.6916666666666667,1.375,1.1666666666666667,0.21666666666666667,0.95,3.2333333333333334,0.21391752577319587,0.4252577319587629,0.36082474226804123,0.06701030927835051,0.29381443298969073,0.039476267154530564
14,vacancy_tax,0.4886752241508244,0.08241663981173564,0.06866620572376513,0.8432729147044639,1.8682839225965273,0.27866567264674613,0.38334523809523813,208268.25727567947,1431.6164940447406,243245.74109899704,632.0833333333334,4.435025986795898,4.354166666666667,0.7916666666666666,1.4583333333333333,1.0666666666666667,0.19166666666666668,0.875,3.316666666666667,0.23869346733668342,0.4396984924623116,0.32160804020100503,0.05778894472361809,0.2638190954773869,0.012793709232260086
14,portfolio_tax,0.508430401105355,0.08175271558468919,0.04835969120077692,0.8542614142307826,1.8763968397037647,0.2792063672227772,0.380845238095238,200294.7024721958,1460.2419656364493,230257.5330903553,623.3833333333333,4.112698412698413,4.5125,1.0166666666666666,1.2666666666666666,1.0583333333333333,0.18333333333333332,0.875,3.341666666666667,0.30423940149625933,0.3790523690773067,0.3167082294264339,0.05486284289276808,0.26184538653366585,0.03838356415290978
15,baseline,0.48306031063501964,0.10172045610153276,0.030007609926596866,0.8421312248296303,1.8593375489129917,0.34082269089538786,0.3886551032435776,219451.1631377494,1488.0590252497602,232458.73899374143,641.7666666666667,4.282473544973545,2.4625,0.8666666666666667,1.5333333333333334,0.8916666666666667,0.2833333333333333,0.6083333333333333,3.2916666666666665,0.26329113924050634,0.46582278481012657,0.2708860759493671,0.08607594936708861,0.1848101265822785,0.023975060575418095
15,waiting_period,0.4640937055928009,0.07627796798074457,0.041678563672185406,0.8497549414430047,1.87596608550253,0.33042116857816856,0.4007380952380952,223315.63764670666,1609.3968871335303,251587.17101291858,618.725,3.702100579732159,2.4166666666666665,0.85,1.5,1.0,0.25,0.75,3.35,0.2537313432835821,0.44776119402985076,0.29850746268656714,0.07462686567164178,0.22388059701492538,0.02605975210544531
15,ownership_cap_soft,0.48228263198790344,0.0909506959897434,0.04025938242242955,0.8476979777661938,1.8597138789233367,0.3151911602297498,0.3905,218535.09393860024,1539.3207250108496,233125.75246710415,616.5083333333333,4.741922829737956,2.4166666666666665,0.9416666666666667,1.3,0.8583333333333333,0.09166666666666666,0.7666666666666667,3.1,0.30376344086021506,0.41935483870967744,0.2768817204301075,0.02956989247311828,0.24731182795698925,0.030871199165668717
15,ownership_cap_hard,0.5023379630615893,0.06959916792594549,0.051098685534192494,0.861220848093811,1.9305657959938423,0.19383739893644672,0.3770595238095238,209299.58319384875,1613.1492302989257,242524.88081281466,616.2666666666667,4.921861053218812,2.529166666666667,1.0916666666666666,1.35,1.0083333333333333,0.008333333333333333,1.0,3.45,0.3164251207729469,0.391304347826087,0.2922705314009662,0.0024154589371980675,0.2898550724637681,0.04551470272415692
15,purchase_tax,0.49568573785115716,0.10021871690274582,0.03929998051557737,0.8437057513768677,1.835798248115871,0.36158414117199306,0.3541190476190476,216381.1762942715,1476.01208950645,229469.07704425542,632.4333333333333,4.196741663026067,2.2333333333333334,0.8166666666666667,1.4666666666666666,0.8916666666666667,0.2916666666666667,0.6,3.175,0.2572178477690289,0.46194225721784776,0.28083989501312334,0.09186351706036745,0.1889763779527559,0.04024611753561569
15,vacancy_tax,0.5078648155712675,0.1107230577004446,0.04375835778919231,0.8441750115017501,1.8796584563200958,0.32954185977735023,0.37548809523809523,218105.2160842318,1432.5651295381938,235339.9348573486,624.3833333333333,4.834871470712179,2.4208333333333334,0.8416666666666667,1.25,0.9333333333333333,0.275,0.6583333333333333,3.025,0.27823691460055094,0.4132231404958678,0.3085399449035813,0.09090909090909091,0.21763085399449036,0.03398552849309411
15,portfolio_tax,0.49692652455856096,0.11622864864441199,0.04126020120367624,0.8491677038183835,1.9095905863777698,0.3193549164016563,0.38175000000000003,216715.51618500723,1474.2874019493443,224112.08644081306,628.0166666666667,4.223604149262044,2.4291666666666667,0.8166666666666667,1.3916666666666666,1.3333333333333333,0.4,0.9333333333333333,3.5416666666666665,0.23058823529411765,0.39294117647058824,0.3764705882352941,0.11294117647058824,0.2635294117647059,0.03750443203140996
16,baseline,0.5619642072535316,0.06905962966574537,0.07194748107434822,0.857969267499849,1.984285228514142,0.32284264981890115,0.3518214285714285,212377.3548256405,1476.917504267214,265777.80303769547,618.4416666666667,3.407756202432687,2.345833333333333,0.9583333333333334,1.4083333333333334,0.8166666666666667,0.175,0.6416666666666667,3.183333333333333,0.3010471204188482,0.4424083769633508,0.25654450261780104,0.0549738219895288,0.20157068062827224,0.05103707566319926
16,waiting_period,0.537243809800727,0.07117116749638616,0.05682644131583336,0.8582376464439433,1.9706746648298992,0.2702437578057116,0.3891429420555669,214133.89503013855,1456.6869754275056,262421.7289819746,632.9416666666667,2.7367472557204704,2.075,0.9166666666666666,1.2333333333333334,0.9833333333333333,0.20833333333333334,0.775,3.1333333333333333,0.2925531914893617,0.39361702127659576,0.31382978723404253,0.06648936170212766,0.2473404255319149,0.028286283730919237
16,ownership_cap_soft,0.5293096895331157,0.06951919403753207,0.07204378766729154,0.8614497906853231,2.0060363636844545,0.2598899938407779,0.3908095238095238,208535.69411492688,1420.5363270228083,232768.67730070237,616.15,3.163085063085063,2.254166666666667,1.1416666666666666,1.175,1.1166666666666667,0.175,0.9416666666666667,3.433333333333333,0.3325242718446602,0.3422330097087379,0.32524271844660196,0.050970873786407765,0.27427184466019416,0.03475270666877428
16,ownership_cap_hard,0.5566738197172287,0.06170799638038241,0.07116997106245605,0.8604871262895227,2.0036866900466554,0.173224879468766,0.37463095238095245,207760.31193541558,1435.8580054739552,247087.5096635192,620.425,3.5150970804988657,2.2708333333333335,0.9583333333333334,1.2583333333333333,1.0416666666666667,0.058333333333333334,0.9833333333333333,3.2583333333333333,0.29411764705882354,0.38618925831202044,0.319693094629156,0.017902813299232736,0.30179028132992325,0.042670085485327025
16,purchase_tax,0.545095202415036,0.08187541316931642,0.08109009983091883,0.8714909601240967,2.0166950409477353,0.2755475955107647,0.3825238095238096,215402.36702936294,1397.4968440878154,254263.14229225207,625.4333333333333,3.458488455988456,2.2875,1.0,1.1916666666666667,0.875,0.16666666666666666,0.7083333333333334,3.066666666666667,0.32608695652173914,0.38858695652173914,0.28532608695652173,0.05434782608695652,0.23097826086956522,0.048207770814253426
16,vacancy_tax,0.5544775597872634,0.06593800204699114,0.05465868948994781,0.857806058269113,1.9896994853196333,0.31219676017478154,0.35533333333333333,209378.7618771545,1487.2259366239455,234961.84033468322,622.0,3.02819530710835,2.2583333333333333,1.0083333333333333,1.4916666666666667,0.9666666666666667,0.275,0.6916666666666667,3.466666666666667,0.29086538461538464,0.43028846153846156,0.27884615384615385,0.07932692307692307,0.19951923076923078,0.037472048899697796
16,portfolio_tax,0.5539146668668624,0.07100385439833855,0.059074920470814335,0.8655775655890666,2.0117956243635926,0.30432586787056054,0.3627976190476191,210880.01549701387,1437.49249147703,247667.9614843409,616.0333333333333,3.322793718627052,2.2041666666666666,1.1333333333333333,1.325,1.025,0.26666666666666666,0.7583333333333333,3.4833333333333334,0.3253588516746411,0.3803827751196172,0.2942583732057416,0.07655502392344497,0.21770334928229665,0.04543553155439084
17,baseline,0.5317496525253487,0.07680777982192535,0.06189815578991217,0.8476645106937497,1.8613405067263422,0.3398093333898314,0.3697142857142858,200468.59954252647,1464.581883416708,240918.11176417314,611.2333333333333,3.3544142435735353,3.3375,0.7583333333333333,1.5583333333333333,0.8666666666666667,0.24166666666666667,0.625,3.183333333333333,0.23821989528795812,0.4895287958115183,0.27225130890052357,0.07591623036649214,0.19633507853403143,0.03417895850921693
17,waiting_period,0.5168525869453384,0.06589891718266021,0.04427448413132233,0.8552110205419472,1.9217878005801494,0.3387691597918895,0.3725357142857143,195272.17647733435,1446.0438273223117,229866.18298413666,605.3833333333333,4.387389380530974,2.385593220338983,0.6916666666666667,1.125,0.9416666666666667,0.20833333333333334,0.7333333333333333,2.7583333333333333,0.25075528700906347,0.4078549848942598,0.3413897280966767,0.0755287009063444,0.26586102719033233,0.03408183887772265
17,ownership_cap_soft,0.5158401766540702,0.07108189070729182,0.06101294236548531,0.8548607828514442,1.9549710105976374,0.3286634062756047,0.38589285714285715,199738.53763983815,1439.8186447204378,235156.25623647097,605.175,3.906133078231292,3.466666666666667,0.7833333333333333,1.2416666666666667,0.9,0.15833333333333333,0.7416666666666667,2.925,0.2678062678062678,0.42450142450142453,0.3076923076923077,0.05413105413105413,0.2535612535612536,0.03458099734961673
17,ownership_cap_hard,0.5454049634172865,0.0663246747560771,0.05486399919778779,0.8656510368772413,1.9540003364211656,0.22277757684710392,0.3433928571428571,192184.41569278165,1514.1744127530028,230520.81476228285,620.7833333333333,5.289633375474083,2.5083333333333333,0.8583333333333333,1.4166666666666667,0.95,0.058333333333333334,0.8916666666666667,3.225,0.2661498708010336,0.4392764857881137,0.29457364341085274,0.01808785529715762,0.27648578811369506,0.05967453510656373
17,purchase_tax,0.5420874446582864,0.0782021588440571,0.05810972163782964,0.849558154222711,1.8819498158888488,0.34537269085136946,0.368047619047619,203132.0065741379,1456.5773851581275,244944.66723269207,606.125,4.274669312169312,3.3333333333333335,0.8083333333333333,1.325,0.725,0.175,0.55,2.8583333333333334,0.282798833819242,0.46355685131195334,0.2536443148688047,0.061224489795918366,0.1924198250728863,0.013007915206533216
17,vacancy_tax,0.5331676901918607,0.07842224817810255,0.06348921894585921,0.8562905840138378,1.88445064646422,0.34217042934926745,0.36970238095238095,196924.2509923998,1415.7130907620483,243423.6185142075,616.5583333333333,3.7153880070546736,3.379166666666667,0.9333333333333333,1.3416666666666666,0.825,0.2,0.625,3.1,0.3010752688172043,0.4327956989247312,0.2661290322580645,0.06451612903225806,0.20161290322580644,0.05973672618946946
17,portfolio_tax,0.542477542023168,0.06634640983673801,0.06027396713149317,0.8511748271182504,1.8724777601021456,0.36082311018599156,0.35367857142857145,201837.2242725481,1458.155044175307,257457.63891190712,601.0416666666666,3.5879896606960826,3.3583333333333334,0.7416666666666667,1.4416666666666667,0.6583333333333333,0.19166666666666668,0.4666666666666667,2.841666666666667,0.26099706744868034,0.5073313782991202,0.2316715542521994,0.06744868035190615,0.16422287390029325,0.059679112094747744
18,baseline,0.5419485208787637,0.07196821903657293,0.06389981741932821,0.8812358496143652,1.9983405677522692,0.3122654638313353,0.3751555307815925,193427.42517397614,1360.930213390247,219572.81438348454,640.7166666666667,6.491280763069755,4.675,0.8833333333333333,1.0166666666666666,0.8083333333333333,0.18333333333333332,0.625,2.7083333333333335,0.3261538461538461,0.37538461538461537,0.29846153846153844,0.06769230769230769,0.23076923076923078,0.06869044093913401
18,waiting_period,0.5578823466708355,0.06879774017319518,0.03788155367504575,0.8666741139176282,1.8810458397428051,0.33019281468465217,0.3445404875655715,197479.79438491497,1379.8082469429849,220882.15245290342,635.5416666666666,5.431712962962963,3.066666666666667,0.8916666666666667,1.3583333333333334,0.625,0.25,0.375,2.875,0.3101449275362319,0.47246376811594204,0.21739130434782608,0.08695652173913043,0.13043478260869565,0.03881620664024488
18,ownership_cap_soft,0.5404973348643822,0.08018789889968904,0.0451874604243269,0.8666937395223978,1.9125658890599249,0.3098991647847626,0.3641496679020444,196704.59689349073,1397.6118188623907,205404.21457812592,648.0583333333333,4.865161962220785,7.216666666666667,0.85,1.5666666666666667,1.0083333333333333,0.15,0.8583333333333333,3.425,0.24817518248175183,0.45742092457420924,0.2944038929440389,0.043795620437956206,0.25060827250608275,0.027455191845725757
18,ownership_cap_hard,0.5449869369420407,0.06409863847360042,0.04149318491809453,0.8785024992437942,1.9113056553435872,0.2052332715535855,0.3549450108591264,183693.22526691406,1395.322026221552,190021.7836854758,639.2333333333333,10.31509087177191,2.725,1.0,1.2916666666666667,1.025,0.025,1.0,3.316666666666667,0.3015075376884422,0.38944723618090454,0.30904522613065327,0.007537688442211055,0.3015075376884422,0.04501405376092826
18,purchase_tax,0.5340306894523228,0.07149061781597732,0.05919651696109513,0.8697927057676073,1.99589364741603,0.3022876809455107,0.37768116662048673,194455.34537423993,1376.0980313103814,219206.11923822874,634.5083333333333,4.8335493554146804,6.716666666666667,0.9,1.3083333333333333,0.8833333333333333,0.25,0.6333333333333333,3.091666666666667,0.29110512129380056,0.42318059299191374,0.2857142857142857,0.08086253369272237,0.20485175202156333,0.0664703746269304
18,vacancy_tax,0.5421339781632982,0.06299474689582825,0.045347866110650344,0.8626891398401618,1.8749347235206595,0.3277258663364968,0.35765134009646904,195333.77293363176,1372.544478599015,206650.1864566274,644.425,4.7019314510464945,6.295833333333333,1.0583333333333333,1.3166666666666667,0.825,0.21666666666666667,0.6083333333333333,3.2,0.3307291666666667,0.4114583333333333,0.2578125,0.06770833333333333,0.19010416666666666,0.026984967684365202
18,portfolio_tax,0.5535680128850283,0.07052643055894303,0.05615708594274927,0.876003173654315,1.9436836786114966,0.3109931280534035,0.3600476190476191,194126.96327248117,1336.6305411468622,215695.2392738163,635.9666666666667,5.4056459027697965,4.8,0.7916666666666666,1.4333333333333333,0.8,0.23333333333333334,0.5666666666666667,3.025,0.26170798898071623,0.4738292011019284,0.2644628099173554,0.07713498622589532,0.18732782369146006,0.04775208472220993
19,baseline,0.5395571116068296,0.14307982364926722,0.07786633860196825,0.8524539496899579,1.8094191469471506,0.2546698507190022,0.41296428571428573,189325.74843742358,1344.9474853682566,231014.45734398774,598.6666666666666,3.2100367225367226,7.258333333333334,1.3083333333333333,1.3166666666666667,1.4833333333333334,0.44166666666666665,1.0416666666666667,4.108333333333333,0.3184584178498986,0.3204868154158215,0.36105476673427994,0.1075050709939148,0.2535496957403651,0.04031855681876295
19,waiting_period,0.5736896772299112,0.17699547267148322,0.08575688110112406,0.8479796000370039,1.796047625810681,0.2627231844501798,0.3967857142857143,191840.49531648785,1266.521071170606,234268.37301317585,593.7916666666666,4.12341456436284,6.116666666666666,1.3083333333333333,1.35,1.7083333333333333,0.6833333333333333,1.025,4.366666666666666,0.29961832061068705,0.30916030534351147,0.39122137404580154,0.15648854961832062,0.23473282442748092,0.05966434730994541
19,ownership_cap_soft,0.555760757333046,0.13478929905877082,0.06387957607270675,0.8504816554640363,1.7798139799328623,0.22497070343520514,0.39945238095238095,187675.86117023366,1353.3655057395433,225355.12830603993,592.5666666666667,3.651195264912079,8.475,1.2833333333333334,1.4833333333333334,1.325,0.16666666666666666,1.1583333333333334,4.091666666666667,0.3136456211812627,0.3625254582484725,0.32382892057026474,0.04073319755600815,0.2830957230142566,0.031595104689008835
19,ownership_cap_hard,0.5720083452603621,0.13401728049613232,0.054604089960953235,0.8571449797774918,1.8330514717554214,0.14128079335657467,0.39588095238095244,188501.2258870932,1329.2501546068345,223291.93696536167,596.5083333333333,4.683039579468151,15.129166666666666,1.325,1.4416666666666667,1.5083333333333333,0.23333333333333334,1.275,4.275,0.30994152046783624,0.33723196881091616,0.35282651072124754,0.05458089668615984,0.2982456140350877,0.03879166458089389
19,purchase_tax,0.5393449809289163,0.1523743085000773,0.05099866892686034,0.855942200422957,1.782401859128675,0.24142741874155865,0.41872619047619053,188872.69375154836,1314.0098636295186,216864.05881417374,593.0,3.5864457437986847,7.4125,1.225,1.3583333333333334,1.575,0.425,1.15,4.158333333333333,0.29458917835671344,0.32665330661322645,0.3787575150300601,0.10220440881763528,0.27655310621242485,0.01827982365908465
19,vacancy_tax,0.5445021001268482,0.1438924379924174,0.07218309691914195,0.8456742100520565,1.7873798800215865,0.25333280037784495,0.4167976190476191,186227.07009819956,1381.5711337241726,223630.40070355404,602.225,3.28295238189306,7.2100840336134455,1.2416666666666667,1.3,1.6333333333333333,0.43333333333333335,1.2,4.175,0.29740518962075846,0.31137724550898205,0.3912175648702595,0.10379241516966067,0.2874251497005988,0.048654657910390586
19,portfolio_tax,0.5445915933215486,0.16562480358795437,0.05589796111379637,0.8556162942592823,1.813578711312995,0.2349129155074472,0.4179285714285715,183097.3262337266,1340.3102391149882,209304.99624522417,600.925,3.635968598256733,7.2625,1.35,1.225,1.8333333333333333,0.475,1.3583333333333334,4.408333333333333,0.30623818525519847,0.277882797731569,0.4158790170132325,0.10775047258979206,0.30812854442344045,0.03561119903309051
20,baseline,0.5223432884315853,0.06791902171208906,0.03304136110151067,0.8586144790068854,1.939661674299107,0.3353926465652092,0.37134232954545454,201226.86114776874,1493.9194644891334,218466.04919390162,639.9833333333333,3.8586285528946083,2.3541666666666665,0.85,1.6666666666666667,0.9416666666666667,0.31666666666666665,0.625,3.4583333333333335,0.2457831325301205,0.4819277108433735,0.27228915662650605,0.09156626506024096,0.18072289156626506,-0.005065575485369123
20,waiting_period,0.5320640245829967,0.06924773706129844,0.045102144539439504,0.8562283392824033,1.8952614294718246,0.3306738255032626,0.3637404174958212,203726.00612371814,1401.0526723410308,230311.89957500267,643.75,3.866178266178266,2.3,1.0666666666666667,1.475,0.825,0.225,0.6,3.3666666666666667,0.31683168316831684,0.4381188118811881,0.24504950495049505,0.06683168316831684,0.1782178217821782,0.015464802008386513
20,ownership_cap_soft,0.5053668451178972,0.06896405781090345,0.05723282920459522,0.8628012204228523,2.0045196242606393,0.29524676719209203,0.3821393562379262,200113.1669386222,1464.161929480006,218236.22666145203,644.125,4.850222076598223,2.370833333333333,0.8333333333333334,1.45,0.8416666666666667,0.13333333333333333,0.7083333333333334,3.125,0.26666666666666666,0.464,0.2693333333333333,0.042666666666666665,0.22666666666666666,0.03655749687412024
20,ownership_cap_hard,0.536331211350966,0.06169841957967231,0.03838201101807108,0.8649532537151112,1.9263508295750076,0.18456237965790706,0.3432216865737014,192128.21794494055,1457.1258242399088,204156.38575649596,655.375,6.13794569198917,2.433333333333333,1.0916666666666666,1.525,1.0,0.058333333333333334,0.9416666666666667,3.6166666666666667,0.30184331797235026,0.4216589861751152,0.2764976958525346,0.016129032258064516,0.26036866359447003,0.024119116820805697
20,purchase_tax,0.5248722213807457,0.06572704041671427,0.0365515597516447,0.860029668876436,1.9320627046335166,0.334520473806748,0.3665293851696269,197872.56238498527,1466.5196489310958,203955.30050137735,645.4916666666667,4.547187941368976,2.2875,1.075,1.4916666666666667,0.9666666666666667,0.24166666666666667,0.725,3.533333333333333,0.30424528301886794,0.4221698113207547,0.27358490566037735,0.06839622641509434,0.20518867924528303,0.00041821520313845006
20,vacancy_tax,0.5232721940394554,0.06504615080093705,0.04502709276671751,0.856965784400165,1.930236171163411,0.32900450445931,0.3672068591500107,198986.22835025194,1456.7530587847075,232930.91839197365,643.6666666666666,3.527860574031296,2.2083333333333335,0.9583333333333334,1.6,0.9416666666666667,0.275,0.6666666666666666,3.5,0.27380952380952384,0.45714285714285713,0.26904761904761904,0.07857142857142857,0.19047619047619047,0.03130347784862142
20,portfolio_tax,0.5147277442550326,0.06944329164491095,0.0758784064311467,0.8516411509880513,1.9101225768527963,0.3042585397081299,0.370519804192152,201392.5317540496,1421.669506948048,264887.89872431126,642.275,3.6070901812052254,2.225,0.8,1.475,1.0166666666666666,0.25,0.7666666666666667,3.2916666666666665,0.2430379746835443,0.4481012658227848,0.30886075949367087,0.0759493670886076,0.23291139240506328,0.07276964548604115
21,baseline,0.5298679123387747,0.05952825973786148,0.045242750760580416,0.8524232798904663,1.9172912024841082,0.3058798645130556,0.33067345000678344,204013.395586264,1529.9041811501268,229418.23233891415,630.025,4.166902616902617,2.1554621848739495,0.8916666666666667,1.5166666666666666,0.7666666666666667,0.21666666666666667,0.55,3.175,0.28083989501312334,0.4776902887139108,0.24146981627296588,0.06824146981627296,0.1732283464566929,0.021299895868438057
21,waiting_period,0.5357399972393692,0.059411216538970794,0.04215968506765077,0.8583531338209603,1.927918991169974,0.28580317181194703,0.35441666666666666,207215.57747526432,1440.767637297889,249082.28209054278,625.6583333333333,4.313991153773762,2.3875,0.6333333333333333,1.5916666666666666,0.825,0.2,0.625,3.05,0.20765027322404372,0.5218579234972678,0.27049180327868855,0.06557377049180328,0.20491803278688525,0.009346171504576617
21,ownership_cap_soft,0.5341511652739546,0.06085275245147834,0.04026701608570562,0.8657483662424722,1.9394749608532422,0.2685815066217243,0.3560238095238095,204545.13904345507,1428.4639355870831,244801.18598247741,630.95,3.6591898760040347,2.1333333333333333,0.85,1.375,0.7333333333333333,0.11666666666666667,0.6166666666666667,2.9583333333333335,0.28732394366197184,0.4647887323943662,0.24788732394366197,0.03943661971830986,0.2084507042253521,0.024715325590830117
21,ownership_cap_hard,0.5616277607382577,0.056519317631087945,0.05567243275653607,0.8665187876009313,1.9830977773947789,0.18882362457260626,0.31780965616931667,206357.66134515716,1474.3528659708231,250903.17137289688,634.6916666666667,4.211749956392814,2.3666666666666667,0.925,1.5,0.575,0.08333333333333333,0.49166666666666664,3.0,0.30833333333333335,0.5,0.19166666666666668,0.027777777777777776,0.1638888888888889,0.029725652236693323
21,purchase_tax,0.5173971656079281,0.05694498553566492,0.0501010360605159,0.857730121807474,1.9585729941718915,0.2846418117274008,0.3535270109793561,211331.93708898817,1546.2798798575443,254814.54455884168,634.7166666666667,4.818964803312629,2.4125,0.675,1.5083333333333333,0.6916666666666667,0.16666666666666666,0.525,2.875,0.23478260869565218,0.5246376811594203,0.24057971014492754,0.057971014492753624,0.1826086956521739,-0.008074826767794918
21,vacancy_tax,0.5508838122470112,0.0619544728688831,0.03626844863604748,0.8545772367565382,1.8852783997776215,0.3119817901683337,0.3327142857142857,205624.10514638387,1397.9429942326183,246042.85872736858,620.6083333333333,3.415037910432647,2.2291666666666665,0.875,1.6,0.6833333333333333,0.21666666666666667,0.4666666666666667,3.158333333333333,0.2770448548812665,0.5065963060686016,0.21635883905013192,0.06860158311345646,0.14775725593667546,0.0178616830384275
21,portfolio_tax,0.5316845162947422,0.057931364192359495,0.046824947779860585,0.8614561138267866,1.9369082065675338,0.2899491109470015,0.34276190476190477,202529.68388439502,1488.1325242909147,252361.71117964474,619.225,3.4268530653851754,2.2666666666666666,0.9166666666666666,1.3333333333333333,0.6833333333333333,0.20833333333333334,0.475,2.933333333333333,0.3125,0.45454545454545453,0.23295454545454544,0.07102272727272728,0.16193181818181818,0.04783674718640496
22,baseline,0.5189640503594577,0.07230805293359852,0.04058786030120606,0.841748830793442,1.9094676213329194,0.3374976030720423,0.3709209262614039,237684.49216448813,1633.0908607482531,258462.84592804714,637.4666666666667,4.920069013112491,2.4875,0.6166666666666667,1.5,0.9583333333333334,0.25,0.7083333333333334,3.075,0.2005420054200542,0.4878048780487805,0.3116531165311653,0.08130081300813008,0.23035230352303523,-0.008261104928393714
22,waiting_period,0.5401455513580056,0.06581703470495553,0.03414883485618595,0.8482417599178912,1.9290031619818255,0.3390106610950569,0.3847738095238095,230030.91550376828,1557.5438624388496,256081.5507763312,604.1083333333333,4.61184265010352,2.275,0.9083333333333333,1.3416666666666666,1.15,0.325,0.825,3.4,0.26715686274509803,0.3946078431372549,0.3382352941176471,0.09558823529411764,0.2426470588235294,0.014189385554223666
22,ownership_cap_soft,0.5263021463159562,0.06589946516297475,0.018181955110722684,0.8428761812411529,1.8308830019786404,0.28718842047342164,0.3808809523809523,228656.58294751807,1597.131272593789,254310.36394834387,629.975,3.5445197044334975,2.2033898305084745,0.8166666666666667,1.4,1.1333333333333333,0.13333333333333333,1.0,3.35,0.24378109452736318,0.417910447761194,0.3383084577114428,0.03980099502487562,0.29850746268656714,0.001758555315467536
22,ownership_cap_hard,0.5517048393319394,0.0559766862677001,0.03309562545288091,0.8490335452757539,1.8494970097600905,0.19919920031535585,0.3493095238095238,225720.06781584295,1609.9115969639877,241811.50927856608,628.4833333333333,4.658070633070632,2.302521008403361,0.825,1.7833333333333334,1.0666666666666667,0.05,1.0166666666666666,3.675,0.22448979591836735,0.4852607709750567,0.29024943310657597,0.013605442176870748,0.2766439909297052,0.018192693035312235
22,purchase_tax,0.539400950559502,0.06899161239231057,0.014341374725131369,0.8454118213208841,1.920397438794469,0.33901827768138515,0.36608333333333326,232575.2755173863,1593.743098604927,261613.2842510616,621.7416666666667,4.253285992759677,2.308333333333333,0.65,1.525,1.0333333333333334,0.24166666666666667,0.7916666666666666,3.2083333333333335,0.2025974025974026,0.4753246753246753,0.3220779220779221,0.07532467532467532,0.24675324675324675,-0.016484252416152034
22,vacancy_tax,0.5133557924620255,0.07237376420555262,0.04437903218205323,0.8437587723940569,1.9272860094199686,0.31669299050853195,0.4030595238095238,239697.7565027305,1581.127556976011,271566.38262502284,627.8916666666667,4.381819938747183,2.3958333333333335,0.7666666666666667,1.6166666666666667,1.1833333333333333,0.19166666666666668,0.9916666666666667,3.566666666666667,0.21495327102803738,0.4532710280373832,0.3317757009345794,0.053738317757009345,0.2780373831775701,0.025650772968678792
22,portfolio_tax,0.5198878700743342,0.06166276154003152,0.04974397126625873,0.8495578169673024,1.9477723056534217,0.32139554994189984,0.3759404761904762,244217.4690174072,1580.0352118856706,294875.01273607987,631.4916666666667,4.668696581196581,2.4458333333333333,0.6416666666666667,1.3666666666666667,0.8166666666666667,0.25,0.5666666666666667,2.825,0.22713864306784662,0.4837758112094395,0.2890855457227139,0.08849557522123894,0.20058997050147492,0.029597309729695764
23,baseline,0.5576181894101874,0.11049044337601227,0.02588570397251728,0.855042323706916,1.9030618114005653,0.3080270354109413,0.35682142857142857,209717.62095312358,1477.004158477976,222647.20051195522,622.475,4.7522532781228435,2.4375,0.975,1.4416666666666667,1.1333333333333333,0.375,0.7583333333333333,3.55,0.2746478873239437,0.4061032863849765,0.3192488262910798,0.1056338028169014,0.2136150234741784,0.021159709349826805
23,waiting_period,0.5806020657597393,0.09778948151662832,0.0515588311994601,0.8571865628643458,1.9139586803571087,0.35657553158185434,0.3148571428571429,211668.28945955282,1505.3761865320407,248568.44597844465,617.0166666666667,4.250914691369237,2.341666666666667,1.1083333333333334,1.4833333333333334,0.6916666666666667,0.25,0.44166666666666665,3.283333333333333,0.33756345177664976,0.4517766497461929,0.21065989847715735,0.07614213197969544,0.13451776649746192,0.05265576726879506
23,ownership_cap_soft,0.551388226610184,0.09516767600758119,0.05099761677946906,0.8678631661893246,1.9989610397922575,0.2917270024622143,0.3581071428571428,208498.17633099816,1561.9212691813525,233088.9902122694,618.1083333333333,4.652166452166453,2.3,1.0083333333333333,1.2583333333333333,0.875,0.13333333333333333,0.7416666666666667,3.1416666666666666,0.3209549071618037,0.4005305039787798,0.27851458885941643,0.042440318302387266,0.23607427055702918,0.03722968494914802
23,ownership_cap_hard,0.6139549215831863,0.05967729878302115,0.03899571708576524,0.8599884792176918,1.875320906862421,0.21448837776955573,0.28182142857142856,203753.29623998931,1651.5972737046297,231695.3157322511,612.1666666666666,4.683205155218429,2.5375,1.2833333333333334,1.6416666666666666,0.7583333333333333,0.08333333333333333,0.675,3.683333333333333,0.34841628959276016,0.4457013574660634,0.20588235294117646,0.02262443438914027,0.1832579185520362,0.03562299055666518
23,purchase_tax,0.5702483739629738,0.10798416810144548,0.025311517215418577,0.8580087455932791,1.8864427444878449,0.3060307822739884,0.3418452380952381,207662.34761402517,1496.448858188763,233655.40124904347,624.65,4.329589598997495,2.4208333333333334,1.0416666666666667,1.4916666666666667,0.9083333333333333,0.3,0.6083333333333333,3.441666666666667,0.3026634382566586,0.43341404358353514,0.2639225181598063,0.08716707021791767,0.17675544794188863,0.0174075763372612
23,vacancy_tax,0.5596351068914323,0.10410060534543561,0.05029333154950441,0.8517531023260402,1.8863115786494258,0.3151642187051672,0.3448690476190476,212727.26478976608,1496.1262826414827,250503.996654999,619.0416666666666,4.0331789068631165,2.495833333333333,0.975,1.675,0.9333333333333333,0.325,0.6083333333333333,3.5833333333333335,0.27209302325581397,0.46744186046511627,0.26046511627906976,0.09069767441860466,0.1697674418604651,0.03940313058388267
23,portfolio_tax,0.5513354920890653,0.09117226485103352,0.046597047025908174,0.8553224855241002,1.8794718124109546,0.349512831018864,0.3193809523809524,207898.20626357239,1611.4203170760604,235261.1340666905,622.175,4.496452517788725,2.475,0.8583333333333333,1.6916666666666667,0.925,0.31666666666666665,0.6083333333333333,3.475,0.24700239808153476,0.486810551558753,0.26618705035971224,0.09112709832134293,0.1750599520383693,0.02893939778218413
24,baseline,0.542050388632934,0.1013463571851474,0.04643985676109971,0.8661408367210052,1.8944183029122352,0.29872159254888925,0.3920952380952381,190472.5127121289,1326.0005930527554,213241.50448382742,566.3833333333333,4.057138068421255,7.683333333333334,1.15,1.25,1.1666666666666667,0.30833333333333335,0.8583333333333333,3.566666666666667,0.32242990654205606,0.35046728971962615,0.32710280373831774,0.08644859813084112,0.24065420560747663,0.0349330990549519
24,waiting_period,0.5308424032573812,0.09538381138160729,0.05908597235156003,0.8621830832146677,1.8886932673731502,0.3028343466451286,0.38576190476190475,192414.01035811004,1380.2459619105555,228674.5146622856,579.375,4.510693304989981,8.45,1.0666666666666667,1.4666666666666666,1.35,0.31666666666666665,1.0333333333333334,3.8833333333333333,0.27467811158798283,0.3776824034334764,0.34763948497854075,0.0815450643776824,0.26609442060085836,0.07168874846843742
24,ownership_cap_soft,0.5285232534394854,0.10056284145620234,0.04165241490593747,0.8616314003375342,1.9256753682299417,0.2582503904943888,0.39634523809523803,189489.2701993618,1367.4219205378038,213442.6926307898,577.8583333333333,4.673792001189414,2.7058823529411766,1.0,1.1916666666666667,1.3583333333333334,0.20833333333333334,1.15,3.55,0.28169014084507044,0.33568075117370894,0.3826291079812207,0.05868544600938967,0.323943661971831,0.0448459690310381
24,ownership_cap_hard,0.5717191132301824,0.08285094477073557,0.0403276777537622,0.8690047177897676,1.8746409043550936,0.17950461869043172,0.3627857142857143,185342.81307072143,1361.3243430011853,208785.98108197792,580.075,6.741100590442696,2.6,1.2166666666666666,1.3666666666666667,1.3083333333333333,0.09166666666666666,1.2166666666666666,3.8916666666666666,0.31263383297644537,0.3511777301927195,0.3361884368308351,0.023554603854389723,0.31263383297644537,0.0440664109312181
24,purchase_tax,0.5631786612777266,0.0979145072617194,0.019534983530017456,0.8630033253943462,1.8233948933895294,0.3036804016501519,0.37503571428571436,194231.26421841775,1330.9384241286439,211850.72362576323,575.5833333333334,3.973448140553404,7.858333333333333,1.225,1.35,1.1333333333333333,0.30833333333333335,0.825,3.7083333333333335,0.3303370786516854,0.36404494382022473,0.3056179775280899,0.08314606741573034,0.22247191011235956,0.014967502128295784
24,vacancy_tax,0.5389925970027548,0.09692390852416709,0.03237065387459066,0.8597055536744359,1.875597595582576,0.3080697449231247,0.38679761904761906,192208.7056511237,1344.5894908252885,215281.59744603708,568.825,5.412230362230362,8.533333333333333,0.9833333333333333,1.2916666666666667,1.1583333333333334,0.3333333333333333,0.825,3.433333333333333,0.28640776699029125,0.3762135922330097,0.33737864077669905,0.0970873786407767,0.24029126213592233,0.02337425206754995
24,portfolio_tax,0.511648052803943,0.08889263240458954,0.07291232028858179,0.8625482681357994,1.9508917337083058,0.29364912302407015,0.3947738095238095,192972.62689881673,1364.5880757296961,220116.6859726031,564.9916666666667,5.075979722032353,2.6416666666666666,1.0,1.0333333333333334,1.3083333333333333,0.31666666666666665,0.9916666666666667,3.341666666666667,0.29925187032418954,0.3092269326683292,0.3915211970074813,0.09476309226932668,0.2967581047381546,0.06508643218702725
25,baseline,0.5009519261021361,0.11885334823360891,0.051489351527306416,0.8470553165237001,1.8911257208407086,0.29085552896770034,0.4133256299645241,212245.06802907828,1414.1154911951878,233803.5067195911,644.0,5.044384534116676,5.216666666666667,1.25,1.2333333333333334,0.9,0.26666666666666666,0.6333333333333333,3.3833333333333333,0.3694581280788177,0.3645320197044335,0.2660098522167488,0.07881773399014778,0.18719211822660098,0.04580225471195143
25,waiting_period,0.47413362061044956,0.13498196047367028,0.048529982266567996,0.8476132218977924,1.889098693829888,0.27936718690135104,0.4414047619047619,208692.39015007162,1403.091835243903,230701.64285434948,624.4083333333333,4.255516705516706,5.545833333333333,0.825,1.3083333333333333,1.675,0.325,1.35,3.808333333333333,0.21663019693654267,0.3435448577680525,0.43982494529540483,0.08533916849015317,0.3544857768052516,0.04566318749162224
25,ownership_cap_soft,0.4874543526614062,0.10982052859998724,0.059055319771553746,0.846190468301193,1.8824840994839762,0.2953708682197764,0.4051547619047619,207662.95339993245,1469.2438880082784,224138.36443104627,625.8166666666667,4.095183645183646,3.1050420168067228,1.025,1.425,1.2583333333333333,0.16666666666666666,1.0916666666666666,3.7083333333333335,0.27640449438202247,0.3842696629213483,0.3393258426966292,0.0449438202247191,0.2943820224719101,0.03451423676931098
25,ownership_cap_hard,0.4932389521525688,0.09953409206176343,0.033310018100917535,0.8632505030077139,1.9329241576176206,0.1680468318473811,0.39531804573603885,202669.08279306337,1439.4200946645312,212253.62322067542,640.7583333333333,5.291109507776173,2.4875,0.975,1.275,1.4666666666666666,0.08333333333333333,1.3833333333333333,3.716666666666667,0.2623318385650224,0.3430493273542601,0.39461883408071746,0.02242152466367713,0.3721973094170404,0.03217032575959511
25,purchase_tax,0.48893062698879464,0.12155561998611078,0.041668391437154284,0.8510563657962851,1.8799065666097596,0.30079655661960214,0.4147619047619048,204900.1429055846,1426.5559940656176,217631.90058954188,634.4416666666667,4.51381360185708,5.120833333333334,1.1916666666666667,1.3333333333333333,1.2833333333333334,0.3333333333333333,0.95,3.808333333333333,0.31291028446389496,0.350109409190372,0.33698030634573306,0.087527352297593,0.24945295404814005,0.040391553928597945
25,vacancy_tax,0.49754093393713616,0.122080371264002,0.056570986172896645,0.8491262479137902,1.9090978251811033,0.32399244968800195,0.4061703131240313,208566.89757403286,1419.930753430831,221760.97119329858,631.225,4.528906142167012,2.466666666666667,1.175,1.4166666666666667,1.275,0.35,0.925,3.8666666666666667,0.30387931034482757,0.36637931034482757,0.3297413793103448,0.09051724137931035,0.23922413793103448,0.021333277733348144
25,portfolio_tax,0.5065438431256946,0.16459821879647363,0.031935970232329816,0.8523999564710962,1.859048566996319,0.28574144086509523,0.4210006431221566,203842.83069400664,1320.1504497459473,204787.86794192516,648.45,5.086397179818232,2.5541666666666667,1.3083333333333333,1.3333333333333333,1.55,0.39166666666666666,1.1583333333333334,4.191666666666666,0.3121272365805169,0.31809145129224653,0.3697813121272366,0.09343936381709742,0.27634194831013914,0.01182068282691251
26,baseline,0.5082388522807711,0.058934024802597344,0.03284292585756146,0.8477274429515267,1.9326543160165761,0.3692190125325961,0.34955239114190617,227758.9527199384,1492.6270798579712,241624.56694412092,631.2166666666667,3.8831739472648565,2.3041666666666667,0.7416666666666667,1.575,0.5333333333333333,0.19166666666666668,0.3416666666666667,2.85,0.260233918128655,0.5526315789473685,0.1871345029239766,0.06725146198830409,0.11988304093567251,0.007356467166905745
26,waiting_period,0.5145588065262428,0.06362960759151878,0.01767701736291761,0.8542936726185328,1.9457883309104227,0.379966125175747,0.3268120435591373,223414.39194276457,1526.6390311997882,232806.68765942144,640.325,4.526655844155844,2.2666666666666666,0.85,1.4583333333333333,0.6166666666666667,0.26666666666666666,0.35,2.925,0.2905982905982906,0.4985754985754986,0.21082621082621084,0.09116809116809117,0.11965811965811966,-0.006029802350799307
26,ownership_cap_soft,0.4979980317492267,0.05974202726641887,0.02826201994572015,0.8552477086934229,1.9297436823810818,0.34464971594531874,0.3381699074917356,218703.2974239965,1537.5559363776888,218479.26722258417,647.6083333333333,3.7877976190476192,2.1875,0.8916666666666667,1.4333333333333333,0.7666666666666667,0.15833333333333333,0.6083333333333333,3.091666666666667,0.2884097035040431,0.4636118598382749,0.24797843665768193,0.05121293800539083,0.1967654986522911,0.010325923387792146
26,ownership_cap_hard,0.5061881708823007,0.05251793545667381,0.02797503199847316,0.8581554312633929,1.9589803963219945,0.2501249501239219,0.32617895037002465,213204.7418929111,1538.6755590575267,225705.07072811,631.6166666666667,8.256051587301588,2.191666666666667,0.8166666666666667,1.35,0.5916666666666667,0.041666666666666664,0.55,2.7583333333333333,0.29607250755287007,0.48942598187311176,0.21450151057401812,0.015105740181268883,0.19939577039274925,0.01998051270466661
26,purchase_tax,0.4881841327744876,0.05878116122762668,0.05017684710137473,0.8699637495203477,2.04374641188752,0.3425259476557192,0.37590476190476185,215561.57203506678,1487.0451271372378,217988.31459961197,619.325,4.663917488917488,2.158333333333333,0.9083333333333333,1.0583333333333333,0.8583333333333333,0.2,0.6583333333333333,2.825,0.3215339233038348,0.3746312684365782,0.30383480825958703,0.07079646017699115,0.23303834808259588,0.026772699546582235
26,vacancy_tax,0.49695116321756133,0.05915916231104669,0.05516766261145558,0.8610997222608275,1.9726591602332348,0.3760016101058123,0.3463765168841092,219092.81171605462,1562.8228872124541,238953.33552230857,644.875,5.539835444881317,2.3916666666666666,0.8083333333333333,1.3083333333333333,0.575,0.20833333333333334,0.36666666666666664,2.691666666666667,0.30030959752321984,0.48606811145510836,0.21362229102167182,0.07739938080495357,0.13622291021671826,0.028405927528835306
26,portfolio_tax,0.48739853054502114,0.05576170603930218,0.06320705916811906,0.8644254461720288,1.9821478087224877,0.34599018003087045,0.35338226366762143,222197.41114728167,1527.532843210178,244606.34513011985,640.3916666666667,4.603567916842253,2.0252100840336134,0.825,1.2833333333333334,0.6666666666666666,0.25,0.4166666666666667,2.775,0.2972972972972973,0.4624624624624625,0.24024024024024024,0.09009009009009009,0.15015015015015015,0.04356253370969587
27,baseline,0.5996312719991271,0.12840459217347883,0.042556586873505046,0.8750966015390728,1.886635621560852,0.3371173532772288,0.3233809523809524,197350.70954807737,1274.738912853637,216467.7701687094,595.425,7.883148404993066,17.270833333333332,1.3416666666666666,1.1583333333333334,0.7166666666666667,0.31666666666666665,0.4,3.216666666666667,0.4170984455958549,0.3601036269430052,0.22279792746113988,0.09844559585492228,0.12435233160621761,0.04229639581015765
27,waiting_period,0.6115692719882735,0.14552097313067464,0.04042951410884646,0.8746629297613583,1.8657522997487412,0.33510509274511924,0.32130952380952377,188195.52094455602,1233.282234719923,197649.1315105087,598.7083333333334,5.0084396258503405,15.491666666666667,1.5583333333333333,1.425,1.3083333333333333,0.4583333333333333,0.85,4.291666666666667,0.36310679611650487,0.3320388349514563,0.3048543689320388,0.10679611650485436,0.19805825242718447,0.04101310076871889
27,ownership_cap_soft,0.5562195236361104,0.16388581857237838,0.04254323236124186,0.8808526590013924,1.9396367454167047,0.2780223876789645,0.33513095238095236,191626.81055738422,1292.7293234193169,200234.9030948841,601.9083333333333,7.606642316017316,34.7625,1.2083333333333333,1.2083333333333333,1.1416666666666666,0.19166666666666668,0.95,3.558333333333333,0.3395784543325527,0.3395784543325527,0.32084309133489464,0.053864168618266976,0.26697892271662765,0.052475916406869105
27,ownership_cap_hard,0.6159804086858799,0.14262129518947333,0.054102063070448216,0.888228693419276,1.9430804168300673,0.19774731102031254,0.29982142857142857,184142.0638777939,1264.509887446157,192616.92140355834,587.45,11.498974760358688,34.5625,1.3916666666666666,1.2166666666666666,1.0,0.15,0.85,3.6083333333333334,0.3856812933025404,0.3371824480369515,0.27713625866050806,0.04157043879907621,0.23556581986143188,0.06745535321278728
27,purchase_tax,0.5952168627408537,0.12323338489650357,0.03928706493366782,0.8719285916681069,1.88214172414276,0.34858857965014706,0.3274642857142857,198593.52384870982,1302.0704213183126,211524.09474514524,593.2916666666666,7.609811741756186,17.275,1.2,1.3916666666666666,0.95,0.2833333333333333,0.6666666666666666,3.5416666666666665,0.3388235294117647,0.39294117647058824,0.26823529411764707,0.08,0.18823529411764706,0.01883523440507684
27,vacancy_tax,0.6022849696211213,0.1312073762294973,0.04121314783829962,0.8718215199179135,1.8364996986835724,0.365226712652962,0.3105833333333334,195706.86825079293,1341.3561043323532,214705.78514884127,608.4333333333333,6.184757240720543,22.620833333333334,1.2,1.5333333333333334,1.0166666666666666,0.39166666666666666,0.625,3.75,0.32,0.4088888888888889,0.27111111111111114,0.10444444444444445,0.16666666666666666,0.03527435464821993
27,portfolio_tax,0.5943134579222694,0.11313514869312709,0.04836302261190009,0.8616513370800722,1.847235416762165,0.3464707186240489,0.3086190476190476,202861.31189848582,1329.9238291869308,223154.5484578306,606.7333333333333,6.612610192837465,15.366666666666667,1.2666666666666666,1.3833333333333333,0.8,0.425,0.375,3.45,0.3671497584541063,0.40096618357487923,0.2318840579710145,0.12318840579710146,0.10869565217391304,0.03952652234528076
28,baseline,0.48696289750966976,0.08493764590986043,0.04208951070610913,0.8471290169894646,1.8954439965847611,0.3247660226166958,0.39240476190476187,207588.47795227164,1548.0030096402784,229698.85452082424,632.5666666666667,5.55474913483763,2.5791666666666666,0.8333333333333334,1.4416666666666667,0.7666666666666667,0.2833333333333333,0.48333333333333334,3.0416666666666665,0.273972602739726,0.473972602739726,0.25205479452054796,0.09315068493150686,0.1589041095890411,0.029041923547272086
28,waiting_period,0.5039796854136961,0.07963604504085428,0.04208014017804745,0.8511607403836184,1.9530836584725946,0.350910815024483,0.35970651328984665,209233.07926205953,1634.461091334972,220753.37772124287,633.8416666666667,5.801440064063903,2.6875,0.8166666666666667,1.6083333333333334,0.725,0.2916666666666667,0.43333333333333335,3.15,0.25925925925925924,0.5105820105820106,0.23015873015873015,0.09259259259259259,0.13756613756613756,0.03212703289570373
28,ownership_cap_soft,0.4965474703082697,0.06893769753807698,0.051984461160058594,0.8599822412137643,1.9658115302052785,0.2878297517846589,0.38359523809523804,205793.43085593943,1637.5806863757996,221940.1343998329,626.8583333333333,4.964814814814814,2.308333333333333,1.3666666666666667,1.1583333333333334,0.6833333333333333,0.13333333333333333,0.55,3.2083333333333335,0.42597402597402595,0.36103896103896105,0.21298701298701297,0.04155844155844156,0.17142857142857143,0.04836564211815286
28,ownership_cap_hard,0.535236680762159,0.06644211474715991,0.03779990503813142,0.8618161721683001,1.9509221681079338,0.18639444624323137,0.35222619047619047,199586.56957192215,1629.3484259410725,210939.8091754726,624.25,6.667599177251695,2.754166666666667,1.1,1.5,1.0916666666666666,0.1,0.9916666666666667,3.691666666666667,0.2979683972911964,0.40632054176072235,0.29571106094808125,0.02708803611738149,0.2686230248306998,0.03553920353318807
28,purchase_tax,0.5010577294836266,0.07939054628322753,0.06700735164928041,0.8590290884976635,1.9482363512947931,0.29269574605829224,0.40121428571428563,204497.11879292794,1565.0360235155174,221868.30287462522,617.9583333333334,5.29554912054912,5.008333333333334,1.1833333333333333,1.0916666666666666,0.775,0.3333333333333333,0.44166666666666665,3.05,0.3879781420765027,0.35792349726775957,0.2540983606557377,0.1092896174863388,0.1448087431693989,0.02850853609261339
28,vacancy_tax,0.48714460986866626,0.07719384730400278,0.047899590696112146,0.8474442769533408,1.945633488026534,0.322611555098036,0.3891071428571429,210440.6745604518,1574.3706784192686,225979.2944912115,617.7916666666666,5.317338168653959,2.5541666666666667,1.05,1.3416666666666666,0.575,0.23333333333333334,0.3416666666666667,2.966666666666667,0.3539325842696629,0.45224719101123595,0.19382022471910113,0.07865168539325842,0.1151685393258427,0.003991301237987077
28,portfolio_tax,0.4743232816033224,0.07914053930177255,0.04852254393661743,0.8523738161064581,1.9674860528430493,0.3246533042027694,0.3912261904761904,205275.53688622228,1651.8698909621328,229681.0594646786,628.3916666666667,5.881578006578006,2.610169491525424,0.8833333333333333,1.275,0.7083333333333334,0.30833333333333335,0.4,2.8666666666666667,0.3081395348837209,0.44476744186046513,0.24709302325581395,0.10755813953488372,0.13953488372093023,0.045417004991033405
29,baseline,0.5326097517707582,0.07072379395197001,0.04691178821729348,0.8724769470423636,2.051862499500763,0.3897790842121614,0.32759523809523816,191791.09282911118,1379.7168505024067,199108.06359326292,586.15,5.2686373475009844,2.433333333333333,0.85,1.375,0.9916666666666667,0.225,0.7666666666666667,3.216666666666667,0.26424870466321243,0.4274611398963731,0.3082901554404145,0.06994818652849741,0.23834196891191708,0.0359661723513105
29,waiting_period,0.5329440169916067,0.05882214369818701,0.06084364517251065,0.8686953148477915,1.9295692288747694,0.37366034115419683,0.3315357142857143,192198.94556697187,1368.762481978437,223329.53110948423,598.1416666666667,4.169885450806503,2.361344537815126,0.9333333333333333,1.3166666666666667,0.6333333333333333,0.25,0.38333333333333336,2.8833333333333333,0.3236994219653179,0.45664739884393063,0.21965317919075145,0.08670520231213873,0.1329479768786127,0.03113378069557493
29,ownership_cap_soft,0.5488473765342103,0.07219953418211708,0.046054526632349206,0.863998358568125,1.9779304604584476,0.3655566235224171,0.3269047619047619,189759.7244508685,1323.2192738665283,216258.7679028266,590.7166666666667,4.232081407293272,2.5,0.8166666666666667,1.525,0.8333333333333334,0.125,0.7083333333333334,3.175,0.2572178477690289,0.48031496062992124,0.26246719160104987,0.03937007874015748,0.2230971128608924,0.034063593917808666
29,ownership_cap_hard,0.5602118782897424,0.058248202286571585,0.04725685369127346,0.8732034290652002,1.9470162693232038,0.21134948921637528,0.3002738095238095,186403.48587940255,1328.5383523996948,201046.361711363,591.85,6.128360735598587,2.5294117647058822,1.025,1.3833333333333333,0.8,0.06666666666666667,0.7333333333333333,3.2083333333333335,0.3194805194805195,0.43116883116883115,0.24935064935064935,0.02077922077922078,0.22857142857142856,0.03178910824508563
29,purchase_tax,0.534315337602489,0.06380481361897225,0.058992968251242436,0.8733474154748523,2.050769193156466,0.37809311401801105,0.34450000000000003,193987.32693781136,1372.7546449967635,213154.91363779252,576.8,5.489179421768706,2.5625,0.9166666666666666,1.25,0.7833333333333333,0.21666666666666667,0.5666666666666667,2.95,0.3107344632768362,0.423728813559322,0.2655367231638418,0.07344632768361582,0.192090395480226,0.052501245471456626
29,vacancy_tax,0.5410807766077237,0.06391814055050286,0.05798074212489836,0.8654924553128995,1.9735339576035154,0.39604285439188885,0.3271547619047619,194280.0821761359,1419.2243341168137,221277.84303603918,601.8166666666667,4.645354406130267,4.7375,0.7416666666666667,1.5833333333333333,0.6916666666666667,0.20833333333333334,0.48333333333333334,3.0166666666666666,0.24585635359116023,0.5248618784530387,0.2292817679558011,0.06906077348066299,0.16022099447513813,0.015974487102155432
29,portfolio_tax,0.5474490605118586,0.06589257659484386,0.05316280174263679,0.8664722978299395,1.943385275964164,0.39671009172099686,0.30283333333333334,195912.14173951,1365.639622189248,219819.16731402438,603.6166666666667,3.70155651565908,4.054166666666666,0.8416666666666667,1.55,1.0333333333333334,0.275,0.7583333333333333,3.425,0.24574209245742093,0.45255474452554745,0.30170316301703165,0.08029197080291971,0.22141119221411193,0.03422843728096803
30,baseline,0.4540941209193247,0.13034277214258372,0.0574514747453339,0.8319398558069406,1.878250512716088,0.26907555489693247,0.42738909238909245,201747.34314038602,1301.8970091582673,221258.54718431973,626.525,4.3721127313232575,2.3958333333333335,0.925,1.175,1.6083333333333334,0.38333333333333336,1.225,3.7083333333333335,0.24943820224719102,0.31685393258426964,0.4337078651685393,0.10337078651685393,0.3303370786516854,0.04497402868386713
30,waiting_period,0.49851073018289316,0.13004601085838333,0.04748819905237399,0.8319904422802942,1.8450586869382748,0.30622284854523785,0.39530952380952383,212284.89406576438,1285.0104905453459,255614.48007141656,604.3416666666667,4.485307966886914,2.4916666666666667,0.6583333333333333,1.5,1.4916666666666667,0.4583333333333333,1.0333333333333334,3.65,0.18036529680365296,0.410958904109589,0.408675799086758,0.12557077625570776,0.2831050228310502,0.030553929987551687
30,ownership_cap_soft,0.4866905227000223,0.11727866878811924,0.040701032901187956,0.8322487337273056,1.858464213924505,0.2549583892240819,0.4105357142857143,202751.7372600854,1272.5467970350658,241243.4264979437,623.1583333333333,5.007264765885456,2.3833333333333333,0.8416666666666667,1.5583333333333333,1.45,0.13333333333333333,1.3166666666666667,3.85,0.21861471861471862,0.40476190476190477,0.37662337662337664,0.03463203463203463,0.341991341991342,0.03458740705155039
30,ownership_cap_hard,0.48541108471626715,0.12546062338104966,0.06832904860393325,0.8437243261907958,1.932129463262029,0.1540138766222915,0.40089285714285716,197423.4726067294,1285.8861270384778,222642.2654206335,616.825,4.789909781576448,2.466666666666667,0.825,1.425,1.65,0.11666666666666667,1.5333333333333334,3.9,0.21153846153846154,0.36538461538461536,0.4230769230769231,0.029914529914529916,0.39316239316239315,0.06437600908779562
30,purchase_tax,0.48973070877489444,0.15880462041609583,0.01774103208852773,0.8333406959662654,1.7749447175333837,0.280188472253015,0.40651190476190474,201224.50084535405,1196.0014954284384,210618.5474545853,624.5083333333333,3.670205752102304,2.3875,0.9,1.7416666666666667,1.575,0.43333333333333335,1.1416666666666666,4.216666666666667,0.2134387351778656,0.41304347826086957,0.37351778656126483,0.10276679841897234,0.2707509881422925,0.003557187645247595
30,vacancy_tax,0.48318259189310336,0.09764686068028991,0.06239043305472404,0.8443309299805667,1.8478752850977798,0.3255193249193742,0.37011904761904757,201141.89222868637,1378.8591056611026,239016.52082826698,615.3166666666667,4.820903567916843,2.408333333333333,1.0416666666666667,1.375,1.25,0.35833333333333334,0.8916666666666667,3.6666666666666665,0.2840909090909091,0.375,0.3409090909090909,0.09772727272727273,0.2431818181818182,0.06271174854774864
30,portfolio_tax,0.48024635305757263,0.1158915989646542,0.031606027305926584,0.840380443304286,1.8597279147837056,0.28321122994131326,0.3847380952380952,198056.1409810693,1337.9993760760271,218185.43315367217,621.7916666666666,4.460984126984126,2.5,1.075,1.3666666666666667,1.475,0.5,0.975,3.9166666666666665,0.274468085106383,0.34893617021276596,0.37659574468085105,0.1276595744680851,0.24893617021276596,0.03483357683860211
31,baseline,0.5302674411400682,0.0956218582766626,0.05374372110096061,0.8486570192945406,1.8934377238611326,0.300653086038234,0.3627976381613344,207174.10346028165,1408.8151685882249,232409.80375475256,644.7333333333333,3.4126447626447627,2.404166666666667,1.0833333333333333,1.4583333333333333,1.0666666666666667,0.38333333333333336,0.6833333333333333,3.6083333333333334,0.3002309468822171,0.40415704387990764,0.2956120092378753,0.10623556581986143,0.18937644341801385,0.011019993419612684
31,waiting_period,0.5389395029499061,0.08548797750937241,0.047939304917714545,0.866719557853282,1.9213725993834854,0.295159546380118,0.3740952380952381,194307.91369366,1380.5804795135234,240987.38330278924,627.275,2.6432842345977936,1.8833333333333333,1.1666666666666667,1.1666666666666667,1.0916666666666666,0.38333333333333336,0.7083333333333334,3.425,0.340632603406326,0.340632603406326,0.31873479318734793,0.11192214111922141,0.20681265206812652,0.037920426840810206
31,ownership_cap_soft,0.5424566960044841,0.0857515583213824,0.04293754221066629,0.8469662297962173,1.8636453124716714,0.2718601550777978,0.35208333333333336,201695.48980676386,1401.9975832891132,229071.7642332729,624.9,3.485229546364,2.226890756302521,1.0583333333333333,1.425,1.05,0.26666666666666666,0.7833333333333333,3.533333333333333,0.29952830188679247,0.4033018867924528,0.2971698113207547,0.07547169811320754,0.22169811320754718,0.017040530339011317
31,ownership_cap_hard,0.5517764348408619,0.08642717701475074,0.052204396624975696,0.8488626657214439,1.8876080886486999,0.16761718537023348,0.35108333333333336,195654.8726890813,1385.462625294304,229239.09087815584,621.0833333333334,3.1152983032293373,2.316666666666667,0.9916666666666667,1.5,0.9166666666666666,0.10833333333333334,0.8083333333333333,3.408333333333333,0.29095354523227385,0.4400977995110024,0.26894865525672373,0.03178484107579462,0.2371638141809291,0.03446109973575928
31,purchase_tax,0.5546966879787124,0.07850220089638424,0.048133618706156706,0.8546395539931727,1.8757532873388754,0.31818577907808765,0.3448095238095238,200015.64951968557,1431.7547174038286,247289.26173407046,634.1083333333333,3.14921157059315,2.341666666666667,1.1583333333333334,1.4083333333333334,0.7916666666666666,0.31666666666666665,0.475,3.3583333333333334,0.34491315136476425,0.41935483870967744,0.23573200992555832,0.09429280397022333,0.141439205955335,0.02261987275565014
31,vacancy_tax,0.5188503213395728,0.09756877654425351,0.03879508494304034,0.8536062606115155,1.912825478902319,0.28897463409452073,0.3803571799825124,195555.409691819,1410.9511911816357,218969.91096272867,636.75,3.38021423021423,2.3958333333333335,1.1833333333333333,1.2583333333333333,1.1916666666666667,0.3416666666666667,0.85,3.6333333333333333,0.3256880733944954,0.3463302752293578,0.32798165137614677,0.09403669724770643,0.23394495412844038,0.024255326813677147
31,portfolio_tax,0.5182617977055437,0.09698450284113207,0.051947940343151595,0.8532220409894502,1.9223743172247827,0.3137189729551507,0.36427380952380956,199498.92039224907,1426.842599340792,213289.5978169271,632.4666666666667,3.576401256789188,2.3949579831932772,1.075,1.3416666666666666,1.225,0.35833333333333334,0.8666666666666667,3.6416666666666666,0.2951945080091533,0.3684210526315789,0.33638443935926776,0.09839816933638444,0.2379862700228833,0.022133941697742854
32,baseline,0.5089440434480755,0.1325554239383111,0.0330040885977001,0.8547938448346251,1.9028630977622358,0.2574788990573017,0.3793571428571428,211720.77569337515,1384.873431851693,207057.89519223737,601.35,4.523618072960177,3.15,1.1416666666666666,1.1333333333333333,1.125,0.24166666666666667,0.8833333333333333,3.4,0.33578431372549017,0.3333333333333333,0.33088235294117646,0.07107843137254902,0.25980392156862747,0.02221673418745107
32,waiting_period,0.5422068139383243,0.13015294075574155,0.041640283021081644,0.8592193148387082,1.8853573131879775,0.268745583976463,0.3596190476190476,209293.96108910174,1410.6640278661832,208931.3466358367,598.1666666666666,3.8599790108881016,2.495833333333333,1.2416666666666667,1.2833333333333334,1.15,0.3416666666666667,0.8083333333333333,3.675,0.3378684807256236,0.3492063492063492,0.3129251700680272,0.09297052154195011,0.2199546485260771,0.02023292878522187
32,ownership_cap_soft,0.5282469052607147,0.11075776968300184,0.04888360467700862,0.8551576531914565,1.8570183321352838,0.25470368334136145,0.3604761904761905,208815.29500463183,1399.252345365651,227231.37419043234,600.8666666666667,4.219563152896486,3.158333333333333,1.1333333333333333,1.3833333333333333,0.8083333333333333,0.08333333333333333,0.725,3.325,0.3408521303258145,0.41604010025062654,0.24310776942355888,0.02506265664160401,0.21804511278195488,0.048814112592026504
32,ownership_cap_hard,0.5531417152867424,0.11515197060026601,0.04369040912569148,0.8557753510334962,1.8490699961802355,0.17688053575557497,0.3417857142857143,210246.59323970048,1400.3888704439703,211428.05468303335,598.725,4.712389011625384,4.245833333333334,1.2166666666666666,1.425,1.15,0.11666666666666667,1.0333333333333334,3.7916666666666665,0.3208791208791209,0.3758241758241758,0.3032967032967033,0.03076923076923077,0.2725274725274725,0.02858569732192784
32,purchase_tax,0.5256596153047591,0.1228356938410122,0.046619970079579236,0.8537981826957769,1.8900820219837149,0.2633186669567596,0.38023809523809515,213506.93553362082,1387.6681472857408,231882.92085510827,595.8083333333333,4.812999037999038,2.675,1.1,1.3416666666666666,1.0166666666666666,0.225,0.7916666666666666,3.4583333333333335,0.3180722891566265,0.38795180722891565,0.29397590361445786,0.06506024096385542,0.2289156626506024,0.040507883856006455
32,vacancy_tax,0.527623866571242,0.1386949864220802,0.037919982496896563,0.8620205067834813,1.8880734399973478,0.2528717354948803,0.38142857142857145,208367.25241951802,1413.664581383882,208786.52848283327,603.2916666666666,4.705261883710159,3.2291666666666665,1.0416666666666667,1.2416666666666667,1.4583333333333333,0.4083333333333333,1.05,3.7416666666666667,0.27839643652561247,0.33184855233853006,0.3897550111358575,0.1091314031180401,0.2806236080178174,0.023208852061674223
32,portfolio_tax,0.5118115030363881,0.11490229573539583,0.06285963091891274,0.8547774695383976,1.9263113832337135,0.2646227354456754,0.3701785714285714,212144.3469206751,1472.2775459733828,249527.95732302667,608.55,4.8630800486063634,3.3041666666666667,1.1166666666666667,1.1166666666666667,1.1,0.30833333333333335,0.7916666666666666,3.3333333333333335,0.335,0.335,0.33,0.0925,0.2375,0.06804868355785465
33,baseline,0.5547439774608499,0.09080158701661643,0.06561099540336653,0.8570464726318524,1.8767927837422826,0.31908049787530174,0.3996071428571429,196585.39354555766,1453.123935286039,234311.92672256412,617.4166666666666,3.6504122420789082,3.004166666666667,1.1583333333333334,1.35,1.0833333333333333,0.31666666666666665,0.7666666666666667,3.591666666666667,0.3225058004640371,0.37587006960556846,0.30162412993039445,0.08816705336426914,0.21345707656612528,0.054721671974102604
33,waiting_period,0.5342539461719105,0.14226835464656903,0.047948127084370996,0.8553055110670924,1.9197003223898255,0.33481436441693213,0.3999880952380952,199934.57404047984,1348.8425585562907,220955.72002057533,632.2416666666667,4.418171152518979,2.470833333333333,1.1,1.3416666666666666,1.2416666666666667,0.35,0.8916666666666667,3.683333333333333,0.2986425339366516,0.36425339366515835,0.33710407239819007,0.09502262443438914,0.2420814479638009,0.05192513232938256
33,ownership_cap_soft,0.5646314890330735,0.12098617777313778,0.04606321181309923,0.8554401410609104,1.87487104350111,0.25203061090646117,0.38649999999999995,198057.23554834718,1456.7083145586746,219437.40682032073,629.9666666666667,3.972346059737364,2.3541666666666665,1.0666666666666667,1.425,1.3083333333333333,0.075,1.2333333333333334,3.8,0.2807017543859649,0.375,0.3442982456140351,0.019736842105263157,0.32456140350877194,0.036792012296245735
33,ownership_cap_hard,0.6007814390405392,0.109562955392096,0.04616162911958184,0.8564390250882425,1.8740104883960806,0.17580539377892673,0.3605476190476191,192195.2713200239,1445.073428866825,229082.76606450355,612.7333333333333,4.74164966056559,2.466666666666667,1.3,1.4833333333333334,1.075,0.06666666666666667,1.0083333333333333,3.8583333333333334,0.3369330453563715,0.38444924406047515,0.2786177105831533,0.017278617710583154,0.2613390928725702,0.05962782546160472
33,purchase_tax,0.5591407137450931,0.11915194956804945,0.04859563927986108,0.8616993147834404,1.893430091195662,0.32227606577108603,0.39982142857142855,194864.8221330565,1385.8522464626071,209813.9391864461,612.7166666666667,4.129413074847858,3.404166666666667,1.1583333333333334,1.2333333333333334,1.425,0.425,1.0,3.816666666666667,0.3034934497816594,0.3231441048034934,0.37336244541484714,0.11135371179039301,0.26200873362445415,0.024523305305072185
33,vacancy_tax,0.5621060327507829,0.11593116962069502,0.05068697412180326,0.8538315956040943,1.8613061573336729,0.3181183605012077,0.39551190476190473,198828.8664763318,1406.425189355654,229082.16972817513,619.4583333333334,3.2729641131815046,3.1166666666666667,0.9583333333333334,1.525,1.4916666666666667,0.4583333333333333,1.0333333333333334,3.975,0.24109014675052412,0.3836477987421384,0.3752620545073375,0.11530398322851153,0.259958071278826,0.04455150498466587
33,portfolio_tax,0.5772006433912568,0.12297204069296447,0.03670192105991519,0.8617743915644955,1.8547500294537136,0.3126734722548234,0.3711066451153432,196827.7103456713,1395.0465746879597,220762.81830816952,628.4916666666667,3.6675562011088325,2.966666666666667,1.2583333333333333,1.3416666666666666,1.25,0.425,0.825,3.85,0.3268398268398268,0.3484848484848485,0.3246753246753247,0.11038961038961038,0.21428571428571427,0.03451858043614853
34,baseline,0.49665228856381916,0.10981826937581957,0.07530666984520483,0.8671880833076167,1.9746101097443411,0.27456149703579735,0.4193928571428572,201581.79258258975,1383.1459178891284,233276.61087105796,581.5,4.140578939909297,2.2416666666666667,1.0166666666666666,1.075,1.2833333333333334,0.20833333333333334,1.075,3.375,0.3012345679012346,0.31851851851851853,0.3802469135802469,0.06172839506172839,0.31851851851851853,0.056166033220786504
34,waiting_period,0.5314072881559864,0.10599683401867806,0.05887169830361338,0.8539913215017992,1.9144203977663006,0.3054426252190516,0.38767857142857143,203381.8093594749,1396.3864202816776,241478.25398650125,578.9666666666667,4.447132847132846,2.183333333333333,0.8333333333333334,1.325,1.3333333333333333,0.4,0.9333333333333333,3.4916666666666667,0.2386634844868735,0.3794749403341289,0.3818615751789976,0.11455847255369929,0.26730310262529833,0.04138509020032077
34,ownership_cap_soft,0.5125081388873746,0.1070834193273571,0.04884800978690369,0.8644483338143514,1.9491216398058424,0.2784294071545039,0.3949285714285714,204017.2131393982,1399.745663284247,222486.9867253244,586.5416666666666,4.161735845461608,2.3041666666666667,0.7416666666666667,1.3666666666666667,1.3916666666666666,0.19166666666666668,1.2,3.5,0.2119047619047619,0.3904761904761905,0.3976190476190476,0.05476190476190476,0.34285714285714286,0.03078173153051944
34,ownership_cap_hard,0.5369389125535681,0.1219509127765954,0.05817525877471967,0.8687161903803708,1.935138723240587,0.17207872426796278,0.397452380952381,200022.95199553203,1346.7889256653705,234471.9216330885,595.3583333333333,4.649875776397517,2.3208333333333333,1.1,1.2416666666666667,1.1666666666666667,0.05,1.1166666666666667,3.5083333333333333,0.31353919239904987,0.35391923990498814,0.332541567695962,0.014251781472684086,0.3182897862232779,0.04793434561009069
34,purchase_tax,0.5216813164761345,0.09814641433163608,0.04085765719367219,0.8682474781967529,1.9760167517756388,0.28260955677496225,0.40439285714285716,203189.35651027694,1403.3754428050802,215372.6367365975,580.0833333333334,5.060833270043797,2.3875,1.0583333333333333,1.2416666666666667,1.275,0.24166666666666667,1.0333333333333334,3.575,0.29603729603729606,0.3473193473193473,0.35664335664335667,0.0675990675990676,0.289044289044289,0.02263653716542713
34,vacancy_tax,0.516060574942486,0.11404851741653885,0.04046638430888725,0.8627586251151621,1.9240237944972471,0.2893279227709416,0.4152261904761905,200993.1290841828,1378.600033264506,213494.46425794743,584.7166666666667,4.8615487169835,2.4583333333333335,1.05,1.225,1.45,0.25,1.2,3.725,0.28187919463087246,0.3288590604026846,0.38926174496644295,0.06711409395973154,0.3221476510067114,-0.005523850496620186
34,portfolio_tax,0.5245389855141036,0.10232795825446081,0.06113647240614133,0.8617132504355104,1.957946805265955,0.291888440846553,0.4193452380952381,204534.47486694326,1433.1857435235604,238164.77189934,584.9833333333333,4.408214349003823,2.1625,0.8833333333333333,1.125,1.325,0.25,1.075,3.3333333333333335,0.265,0.3375,0.3975,0.075,0.3225,0.02669417475038438
35,baseline,0.47741513587462736,0.07754222036441343,0.05630928272813042,0.8548200430644746,1.974500039157141,0.26695353334805755,0.42552826420209855,203913.68963732565,1535.7885206021845,244381.33744315928,655.9416666666667,3.618418171866448,2.1512605042016806,0.8,1.2583333333333333,1.4083333333333334,0.2,1.2083333333333333,3.466666666666667,0.23076923076923078,0.3629807692307692,0.40625,0.057692307692307696,0.3485576923076923,0.047109895170100335
35,waiting_period,0.4926393791273392,0.07091673760304573,0.06751341232263532,0.8555765736248808,2.0147042871162837,0.28088560066959295,0.4127736923650272,203808.65467736076,1542.6202897809515,248562.95844320493,645.1333333333333,4.229077744867219,1.9166666666666667,0.8583333333333333,1.2666666666666666,1.1916666666666667,0.25,0.9416666666666667,3.316666666666667,0.25879396984924624,0.38190954773869346,0.3592964824120603,0.07537688442211055,0.28391959798994976,0.0539054769688978
35,ownership_cap_soft,0.48262401177624503,0.07815015965056098,0.03759899670650977,0.8415579753856793,1.9860854548721465,0.26423314080589805,0.41054817875842053,213784.22670154058,1554.0251042010336,263534.0827575528,659.4916666666667,5.889625850340137,2.725,0.5416666666666666,1.7333333333333334,1.0083333333333333,0.11666666666666667,0.8916666666666667,3.283333333333333,0.1649746192893401,0.5279187817258884,0.30710659898477155,0.03553299492385787,0.2715736040609137,0.02456541252008204
35,ownership_cap_hard,0.4999518730900962,0.062186475741638186,0.05600326077331017,0.8631554372012762,2.0542061012654664,0.1778780165975084,0.3987508080524453,201965.8663769928,1551.1509476703138,234915.71221007413,654.2666666666667,6.27699769366436,2.6333333333333333,0.9666666666666667,1.175,1.2833333333333334,0.06666666666666667,1.2166666666666666,3.425,0.2822384428223844,0.34306569343065696,0.3746958637469586,0.019464720194647202,0.35523114355231145,0.04737643328202945
35,purchase_tax,0.48868835878959693,0.06698448881359356,0.03868726980267411,0.8499440241349155,1.9704501854806444,0.2764818320411803,0.41322455407726416,207388.93420587227,1552.8892556910796,245458.02395469154,650.3833333333333,3.8373749813404987,2.302521008403361,0.8916666666666667,1.4166666666666667,1.15,0.225,0.925,3.4583333333333335,0.25783132530120484,0.40963855421686746,0.3325301204819277,0.06506024096385542,0.2674698795180723,0.03795891636580473
35,vacancy_tax,0.48259590564069044,0.07019530976494265,0.04387406648873711,0.855050056204638,2.0347119770070794,0.2842633642135425,0.419379919069425,213508.09260257267,1532.5617898116782,247691.20571407216,653.8333333333334,4.435741341991341,2.331932773109244,0.7833333333333333,1.425,1.1083333333333334,0.15833333333333333,0.95,3.316666666666667,0.23618090452261306,0.4296482412060301,0.3341708542713568,0.04773869346733668,0.2864321608040201,0.02612819892755258
35,portfolio_tax,0.4861581052527645,0.07724059119587658,0.0435727476116766,0.8484735168153181,1.9598403788808658,0.26830524706180253,0.4305678963408904,206595.30552391175,1482.9353564686385,223973.5639255094,672.1583333333333,4.666836734693877,2.4583333333333335,1.025,1.4416666666666667,1.575,0.24166666666666667,1.3333333333333333,4.041666666666667,0.2536082474226804,0.35670103092783506,0.38969072164948454,0.05979381443298969,0.32989690721649484,0.019224031899348848
36,baseline,0.5315501753684813,0.11615683800250057,0.03409188179187061,0.866629710221689,1.9685100214261582,0.31660603685054617,0.3872329686388537,209670.90518392282,1368.2903255007002,216069.88485566585,640.925,3.6006613756613755,2.3625,1.1916666666666667,1.3333333333333333,1.3083333333333333,0.475,0.8333333333333334,3.8333333333333335,0.3108695652173913,0.34782608695652173,0.34130434782608693,0.12391304347826088,0.21739130434782608,0.03201393848328982
36,waiting_period,0.5422814225795091,0.12092821974468301,0.042054989481147054,0.857288635961154,1.960764121928601,0.3512622918899485,0.3736771522341698,217307.0316686277,1402.8340793316836,223723.81689920192,636.15,4.776349884683218,2.3833333333333333,0.9416666666666667,1.5333333333333334,1.05,0.39166666666666666,0.6583333333333333,3.525,0.26713947990543735,0.43498817966903075,0.2978723404255319,0.1111111111111111,0.1867612293144208,0.015605955414251804
36,ownership_cap_soft,0.5434527359027383,0.1059678151414833,0.04964008087428266,0.8559089758413075,1.928537821045869,0.30716676069536836,0.36547619047619045,216571.0182923811,1410.383120463755,238780.3273725569,633.6416666666667,3.843883168883169,2.433333333333333,1.025,1.5916666666666666,0.7583333333333333,0.09166666666666666,0.6666666666666666,3.375,0.3037037037037037,0.47160493827160493,0.22469135802469137,0.027160493827160494,0.19753086419753085,0.040852220810241535
36,ownership_cap_hard,0.534923563802502,0.07502266734151947,0.05180500186886786,0.8617660031180218,1.9338927131675814,0.16262242421884554,0.3693183944017278,206419.07382616648,1502.8840994122745,219474.6624140397,638.4916666666667,2.884698381328816,2.154166666666667,1.2083333333333333,1.5416666666666667,1.2583333333333333,0.06666666666666667,1.1916666666666667,4.008333333333334,0.30145530145530147,0.38461538461538464,0.31392931392931395,0.016632016632016633,0.2972972972972973,0.03970627536103288
36,purchase_tax,0.5614298160405689,0.11648578655000529,0.0530297074549182,0.8573645041342047,1.9837058866726192,0.3619615434049032,0.3519671492934317,217165.76808069737,1393.161022548861,236663.15803646762,633.9166666666666,5.137514731645166,2.433333333333333,1.1083333333333334,1.4916666666666667,0.8166666666666667,0.325,0.49166666666666664,3.4166666666666665,0.32439024390243903,0.43658536585365854,0.23902439024390243,0.0951219512195122,0.14390243902439023,0.03039168588010921
36,vacancy_tax,0.5237497131925153,0.11857014909573295,0.046092071883426226,0.8527226384831726,1.9515203578639273,0.33678858539034723,0.3888809523809524,212738.609209711,1335.1219241735234,222642.03787160796,624.6416666666667,3.824143217893218,2.4833333333333334,0.975,1.65,1.1083333333333334,0.2916666666666667,0.8166666666666667,3.7333333333333334,0.2611607142857143,0.4419642857142857,0.296875,0.078125,0.21875,0.020891203638197853
36,portfolio_tax,0.5715312748269632,0.1361618979365604,0.037487047036349766,0.8610002828736412,1.9324038628979519,0.3377226647022655,0.3538452380952381,207247.037922534,1266.0624855372541,207149.5330371234,627.2833333333333,3.9649117405582928,2.4458333333333333,1.15,1.5916666666666666,1.1833333333333333,0.4666666666666667,0.7166666666666667,3.925,0.2929936305732484,0.40552016985138006,0.30148619957537154,0.11889596602972399,0.18259023354564755,0.03295240921277687
37,baseline,0.5369597237134466,0.09739697094247171,0.044842585010383046,0.8641017626781784,1.8871199651953405,0.3034001173157533,0.3819166666666666,209253.5578898988,1517.7252139562597,252737.70836554066,622.3666666666667,3.2963831666417875,2.5416666666666665,0.9,1.3583333333333334,1.225,0.4083333333333333,0.8166666666666667,3.4833333333333334,0.2583732057416268,0.38995215311004783,0.35167464114832536,0.11722488038277512,0.23444976076555024,0.014819749467185561
37,waiting_period,0.501527928033529,0.09503490378107984,0.061999848055024905,0.8593849519435719,1.922677120624614,0.3060674749251966,0.39498225274256504,208628.7218865142,1498.7441317650153,249988.17319159379,642.4083333333333,3.5994411561889437,2.3541666666666665,0.8833333333333333,1.4,1.3416666666666666,0.38333333333333336,0.9583333333333334,3.625,0.24367816091954023,0.38620689655172413,0.3701149425287356,0.10574712643678161,0.26436781609195403,0.030595691613150455
37,ownership_cap_soft,0.5369085089938225,0.08934063646417015,0.045850138109335206,0.8631530143062828,1.8476515318492805,0.2564942329605129,0.3635952380952381,209086.50315387416,1496.9886969303711,252482.10448714538,627.3333333333334,3.2816149068322984,2.491596638655462,1.0833333333333333,1.2666666666666666,1.1166666666666667,0.15,0.9666666666666667,3.466666666666667,0.3125,0.36538461538461536,0.32211538461538464,0.04326923076923077,0.27884615384615385,0.036458372809903716
37,ownership_cap_hard,0.5727560630635407,0.07221891177490392,0.03799858581955811,0.8686229594690306,1.9319172608226969,0.17251934636605626,0.3470238095238095,205073.69191761228,1525.518238914576,249618.3124018782,628.125,4.253685828685828,2.3666666666666667,1.15,1.6083333333333334,1.0916666666666666,0.075,1.0166666666666666,3.85,0.2987012987012987,0.41774891774891776,0.28354978354978355,0.01948051948051948,0.26406926406926406,0.03582978582764129
37,purchase_tax,0.5112302743520072,0.09745052010524893,0.04199335214612893,0.8592899344845144,1.9374933211424747,0.28833420024458456,0.4135833333333333,207360.3174254341,1454.997309323765,245273.52031413506,623.6333333333333,3.47245670995671,2.345833333333333,0.8083333333333333,1.175,1.3166666666666667,0.3333333333333333,0.9833333333333333,3.3,0.24494949494949494,0.3560606060606061,0.398989898989899,0.10101010101010101,0.29797979797979796,0.0049559504914966634
37,vacancy_tax,0.5178747186545106,0.10603478488936788,0.07035546430622662,0.860197942103795,1.9369698995597764,0.3004477990767385,0.3990500635259874,207719.03503624696,1505.0520144223888,254641.89121219204,634.7416666666667,4.444812969597453,2.5126050420168067,0.7083333333333334,1.2833333333333334,1.3,0.4166666666666667,0.8833333333333333,3.2916666666666665,0.21518987341772153,0.389873417721519,0.3949367088607595,0.12658227848101267,0.2683544303797468,0.01830887588017638
37,portfolio_tax,0.5115947476418117,0.10142183423470517,0.043388759299669184,0.8561108310724906,1.8905264816546081,0.2924903882282967,0.3836428571428572,205231.2556429481,1497.7626255674948,241104.25679004926,624.65,3.3836894679226797,2.254166666666667,0.6916666666666667,1.675,1.5166666666666666,0.44166666666666665,1.075,3.8833333333333333,0.1781115879828326,0.4313304721030043,0.3905579399141631,0.11373390557939914,0.27682403433476394,0.01594717745785501
38,baseline,0.5029906948692077,0.08067813512075193,0.06426697292397131,0.8695893488595253,1.928316962443999,0.2828452578581068,0.39848809523809525,202889.40303812688,1480.3052067791857,232800.1808496356,615.6416666666667,3.9441994961560183,11.566666666666666,1.1833333333333333,1.175,1.1666666666666667,0.15833333333333333,1.0083333333333333,3.525,0.33569739952718675,0.3333333333333333,0.3309692671394799,0.04491725768321513,0.2860520094562648,0.039303730237789436
38,waiting_period,0.5039211989387241,0.08294860230919458,0.0528660822497572,0.8605186880230088,1.8981694124517938,0.26988716150421926,0.4004047619047619,203577.29324963273,1436.624841592562,225669.2474947665,606.65,3.2106227106227108,12.521008403361344,1.125,1.2583333333333333,1.2666666666666666,0.26666666666666666,1.0,3.65,0.3082191780821918,0.3447488584474886,0.3470319634703196,0.0730593607305936,0.273972602739726,0.027270377278169056
38,ownership_cap_soft,0.5041534820662387,0.07472864265929807,0.037794767472858225,0.8571212635955506,1.8860216417542357,0.2710557515946846,0.3847023809523809,204601.59665615956,1485.3574015521149,228240.5195801242,625.8333333333334,3.753574909495962,11.116666666666667,1.0333333333333334,1.3583333333333334,1.0833333333333333,0.15,0.9333333333333333,3.475,0.2973621103117506,0.3908872901678657,0.3117505995203837,0.04316546762589928,0.2685851318944844,0.021315003424303924
38,ownership_cap_hard,0.5073771131796866,0.07825691922998554,0.04956837821263961,0.8576626406078834,1.8826796151942977,0.16005181309172326,0.36869047619047624,200900.05931014728,1563.7249488919842,230610.36963196754,621.05,4.530851308653033,12.894957983193278,1.05,1.3416666666666666,1.05,0.058333333333333334,0.9916666666666667,3.441666666666667,0.3050847457627119,0.3898305084745763,0.3050847457627119,0.01694915254237288,0.288135593220339,0.05602708697616188
38,purchase_tax,0.5118956277808757,0.08251973330007009,0.04805550314689582,0.862807020677516,1.926033627487375,0.28146770679068184,0.3859166666666667,202424.42382721038,1445.8193060168658,229652.61478507315,611.225,3.947895100069013,11.641666666666667,1.0833333333333333,1.3333333333333333,1.0666666666666667,0.21666666666666667,0.85,3.4833333333333334,0.31100478468899523,0.3827751196172249,0.3062200956937799,0.06220095693779904,0.24401913875598086,0.04128067864323648
38,vacancy_tax,0.5023008959814694,0.08080590178917628,0.035339746437477865,0.8602637749622755,1.8781653523211805,0.296967799697619,0.37217027493734167,203140.11236220147,1532.7365826894568,215002.92913412277,634.9166666666666,3.7406852769597867,10.566666666666666,1.0333333333333334,1.35,1.1583333333333334,0.25,0.9083333333333333,3.5416666666666665,0.2917647058823529,0.3811764705882353,0.3270588235294118,0.07058823529411765,0.2564705882352941,0.012208724148389027
38,portfolio_tax,0.49559847625756615,0.0806411968225489,0.03945865334366904,0.8516521086705825,1.932527899629727,0.2826335761099403,0.3917380952380952,204594.8241548142,1517.866314606222,231551.18134448252,612.075,3.9954089283036653,11.770833333333334,0.9083333333333333,1.5,1.2083333333333333,0.24166666666666667,0.9666666666666667,3.6166666666666667,0.2511520737327189,0.4147465437788018,0.33410138248847926,0.06682027649769585,0.2672811059907834,0.034224030858381216
39,baseline,0.5165604915725404,0.06701545839840074,0.052743437697317805,0.8573623937266954,1.923872141992258,0.36686967015051714,0.35864285714285715,218305.5214376031,1501.7007758935067,247344.57640290938,611.0666666666667,3.579455583402952,2.0798319327731094,0.7166666666666667,1.3666666666666667,1.0916666666666666,0.31666666666666665,0.775,3.175,0.22572178477690288,0.4304461942257218,0.3438320209973753,0.09973753280839895,0.2440944881889764,0.03526390004565627
39,waiting_period,0.5365368042539299,0.06184012073317045,0.05644287525000601,0.8464359862040072,1.8626838346425152,0.37691257694355307,0.34635714285714286,218475.4697118709,1509.4527886156147,246202.25941086237,623.0416666666666,3.9096529201792363,2.19327731092437,0.8916666666666667,1.3666666666666667,0.7583333333333333,0.26666666666666666,0.49166666666666664,3.0166666666666666,0.2955801104972376,0.4530386740331492,0.2513812154696133,0.08839779005524862,0.16298342541436464,0.00506807499386519
39,ownership_cap_soft,0.5429741173052949,0.06486242385457004,0.07383579905805598,0.8510747438457108,1.8611944653988737,0.36421826908474875,0.3264761904761905,215713.73932517337,1525.5783201270287,247065.84753646373,608.575,3.4125482625482624,2.1666666666666665,0.8333333333333334,1.3416666666666666,0.8583333333333333,0.16666666666666666,0.6916666666666667,3.033333333333333,0.27472527472527475,0.4423076923076923,0.28296703296703296,0.054945054945054944,0.22802197802197802,0.052239723521761317
39,ownership_cap_hard,0.5589798616122219,0.05073268346484428,0.0633887612779359,0.8639163615978415,1.952462768701877,0.19999914749065584,0.3143333333333333,211402.74549765265,1558.510443931462,236572.6703587218,608.5083333333333,5.635434382086168,2.4833333333333334,0.9916666666666667,1.125,0.8166666666666667,0.016666666666666666,0.8,2.933333333333333,0.3380681818181818,0.3835227272727273,0.2784090909090909,0.005681818181818182,0.2727272727272727,0.05763014487561158
39,purchase_tax,0.5345718535491717,0.0636959828737636,0.07618855905932728,0.8549132403712993,1.8536431310166264,0.40026000648331544,0.336452380952381,219717.99759816876,1531.3375173207537,257353.8993854308,625.6083333333333,3.348247066942719,2.3583333333333334,0.825,1.35,0.6916666666666667,0.25,0.44166666666666665,2.8666666666666667,0.2877906976744186,0.47093023255813954,0.24127906976744187,0.0872093023255814,0.15406976744186046,0.04454002749867336
39,vacancy_tax,0.5341673151343111,0.066224252655491,0.06595649888338219,0.8605547310354443,1.9724808254045192,0.3764673141901319,0.34913095238095243,219526.8307066745,1513.4534939005555,261114.5682910861,603.725,4.324235474006116,2.35,0.7,1.2333333333333334,0.85,0.3,0.55,2.783333333333333,0.25149700598802394,0.4431137724550898,0.30538922155688625,0.10778443113772455,0.19760479041916168,0.06051081683465309
39,portfolio_tax,0.53924298728718,0.06496263376880455,0.02825360242379989,0.848474291203103,1.8514357654882792,0.37365231191714643,0.3502738095238095,220751.69280804184,1518.8562524989381,248308.96558336497,606.5333333333333,3.177020202020202,2.125,0.675,1.45,0.9,0.3416666666666667,0.5583333333333333,3.025,0.2231404958677686,0.4793388429752066,0.2975206611570248,0.11294765840220386,0.18457300275482094,0.0004070823307120719
40,baseline,0.5593823704173069,0.06798205379313028,0.07332823508009595,0.864807576580207,1.9356381751862448,0.3635510743860362,0.3251309523809524,219349.19160355852,1522.623724720055,260435.82626807317,616.3,4.335778161695592,2.3529411764705883,0.9833333333333333,1.4083333333333334,0.7166666666666667,0.20833333333333334,0.5083333333333333,3.1083333333333334,0.3163538873994638,0.45308310991957107,0.23056300268096513,0.06702412868632708,0.16353887399463807,0.046697371542760324
40,waiting_period,0.5840498664866124,0.06753232186042418,0.04614480609817317,0.858621690164467,1.9243572932213933,0.37178171907128216,0.3301190476190476,223879.51179824173,1487.6172719715769,259395.31526459736,601.3666666666667,3.6402974402974397,2.2708333333333335,0.85,1.525,0.75,0.3333333333333333,0.4166666666666667,3.125,0.272,0.488,0.24,0.10666666666666667,0.13333333333333333,0.02532455201744699
40,ownership_cap_soft,0.5543259949858371,0.0814238453884457,0.021724994535627536,0.8452187361303909,1.8891109001127029,0.3155492624017742,0.3486071428571428,222577.5586282628,1475.7630587760436,247354.26982169697,596.3,4.248687423687424,2.441666666666667,0.6833333333333333,1.7666666666666666,0.9416666666666667,0.20833333333333334,0.7333333333333333,3.3916666666666666,0.20147420147420148,0.5208845208845209,0.27764127764127766,0.06142506142506143,0.21621621621621623,0.0013023953879234274
40,ownership_cap_hard,0.5572164412093369,0.06736833775506458,0.036298040117893504,0.8641141702378027,1.9626650462586135,0.18986902477900222,0.3415119047619048,220762.90462165882,1465.1003960908492,236930.5326392525,607.7166666666667,4.713924962467504,2.2857142857142856,0.9333333333333333,1.5416666666666667,0.8916666666666667,0.041666666666666664,0.85,3.3666666666666667,0.27722772277227725,0.45792079207920794,0.26485148514851486,0.012376237623762377,0.2524752475247525,0.037492704843217206
40,purchase_tax,0.5336660090667337,0.07179643550468076,0.04881790306072683,0.8656318709263999,1.9951761095289888,0.2978182023392504,0.3825595238095238,217032.48618981204,1507.565812134678,252471.759327192,600.7583333333333,5.1285569985569985,2.361344537815126,0.8416666666666667,1.325,0.9583333333333334,0.2916666666666667,0.6666666666666666,3.125,0.2693333333333333,0.424,0.30666666666666664,0.09333333333333334,0.21333333333333335,0.04162814179337482
40,vacancy_tax,0.5380095223643699,0.07917412304729285,0.028870240478987043,0.8635177720716232,1.9534479470264101,0.3538015807215754,0.34664285714285714,220098.14938679617,1497.86725088724,230158.89547784466,599.4166666666666,4.9608087082000125,2.408333333333333,0.6416666666666667,1.725,0.9416666666666667,0.3,0.6416666666666667,3.308333333333333,0.19395465994962216,0.5214105793450882,0.28463476070528965,0.0906801007556675,0.19395465994962216,0.02063573797239404
40,portfolio_tax,0.5671174370674854,0.07512786193884619,0.02928879264859682,0.8653637777667643,1.9344332955715737,0.33382360190223975,0.34341666666666676,220775.65600216333,1497.2667337861021,240976.0580913507,607.3416666666667,3.764138221660345,2.325,0.9666666666666667,1.5833333333333333,0.9333333333333333,0.2833333333333333,0.65,3.4833333333333334,0.27751196172248804,0.45454545454545453,0.2679425837320574,0.08133971291866028,0.18660287081339713,0.007659948239634895
41,baseline,0.5932922014494453,0.06732729401738052,0.04379912893319408,0.864012241593239,1.8640869930025177,0.39212555922614123,0.31945238095238093,207705.95968965135,1581.3750930064984,234264.03489502586,633.475,3.6647304324028456,2.327731092436975,1.2166666666666666,1.4416666666666667,0.6,0.25833333333333336,0.3416666666666667,3.2583333333333333,0.3734015345268542,0.4424552429667519,0.18414322250639387,0.0792838874680307,0.10485933503836317,0.014421562973040647
41,waiting_period,0.5938858019103509,0.08161634920686964,0.028207929560524966,0.8556165068401366,1.8414177521584676,0.38408559787436614,0.3127738095238095,210078.65432078807,1519.844423525673,230517.92542766937,626.4083333333333,3.750904689092763,2.433333333333333,0.9166666666666666,1.7583333333333333,0.6416666666666667,0.3,0.3416666666666667,3.316666666666667,0.27638190954773867,0.5301507537688442,0.1934673366834171,0.09045226130653267,0.10301507537688442,0.00815559727978421
41,ownership_cap_soft,0.5939315956057872,0.06578326405026433,0.043067873020183535,0.860874124666239,1.8510654014080905,0.3544248189120515,0.31747619047619047,206736.17916758216,1523.5610499849447,243359.3705547654,630.8833333333333,4.25909186683523,2.45,1.1666666666666667,1.55,0.45,0.23333333333333334,0.21666666666666667,3.1666666666666665,0.3684210526315789,0.48947368421052634,0.14210526315789473,0.07368421052631578,0.06842105263157895,0.024495047430890038
41,ownership_cap_hard,0.6406951573053425,0.057472634126952034,0.04642638141447556,0.8703995684334707,1.8577995472381663,0.22055656080109026,0.2748333333333334,201469.68627810743,1492.34439033199,234834.34308392816,632.5916666666667,4.4274820913213775,2.3958333333333335,1.3,1.7166666666666666,0.39166666666666666,0.05,0.3416666666666667,3.408333333333333,0.38141809290953543,0.5036674816625917,0.11491442542787286,0.014669926650366748,0.10024449877750612,0.03845430224222035
41,purchase_tax,0.5696054372235518,0.06793098728923365,0.04031771677610758,0.8605361133196652,1.867552806716147,0.36745911076936094,0.33045334291504097,202754.60752357324,1617.8586128436184,226218.4653231886,647.5916666666667,4.996305418719212,2.495833333333333,0.9333333333333333,1.5,0.6916666666666667,0.225,0.4666666666666667,3.125,0.2986666666666667,0.48,0.22133333333333333,0.072,0.14933333333333335,0.0076985803686531185
41,vacancy_tax,0.5919225702083595,0.06954749809791397,0.04461637857863986,0.8627674117420044,1.8628724696885925,0.38917876052769934,0.31257730504298886,206197.55330432358,1540.4304657553835,237801.4623882665,641.975,3.565594165594165,2.3,1.1333333333333333,1.5083333333333333,0.675,0.24166666666666667,0.43333333333333335,3.316666666666667,0.3417085427135678,0.4547738693467337,0.20351758793969849,0.0728643216080402,0.1306532663316583,0.011650014294408484
41,portfolio_tax,0.583682880262679,0.07756391287372022,0.04743216452148613,0.8634072660836337,1.8863378149389496,0.3600191340535301,0.323452380952381,208972.36954710778,1571.4739471497403,223650.57034397003,622.9666666666667,4.712435573276281,2.4625,1.1083333333333334,1.45,0.7083333333333334,0.3416666666666667,0.36666666666666664,3.2666666666666666,0.3392857142857143,0.44387755102040816,0.21683673469387754,0.10459183673469388,0.11224489795918367,0.011827760731441206
42,baseline,0.5145656988001525,0.1434208672350516,0.05101851949049158,0.8608708245514287,1.8717574637444736,0.2743022453351805,0.4255119047619047,194979.95299268953,1339.4795172240424,208586.10890207402,623.1416666666667,5.029843193205263,18.5,1.2666666666666666,1.4583333333333333,1.425,0.3416666666666667,1.0833333333333333,4.15,0.30522088353413657,0.3514056224899598,0.3433734939759036,0.0823293172690763,0.26104417670682734,0.027621960056988026
42,waiting_period,0.49319745674510007,0.11458811803972703,0.04630940018559201,0.8667328306552409,1.8868466079429482,0.28449305837479905,0.44362785159135615,192052.1504786847,1376.546983012365,213060.75151994155,630.725,4.559401977165134,20.395833333333332,1.2666666666666666,1.2916666666666667,1.4583333333333333,0.30833333333333335,1.15,4.016666666666667,0.3153526970954357,0.3215767634854772,0.3630705394190871,0.07676348547717843,0.2863070539419087,0.04066608674146521
42,ownership_cap_soft,0.472060977623516,0.10105505791930654,0.048502227702221117,0.8595663105495998,1.9294195321976835,0.26460426100681966,0.42578823550812006,193581.42638921476,1425.44138746688,213937.48448776946,637.6666666666666,5.017124690054746,23.904166666666665,1.025,1.3083333333333333,1.4166666666666667,0.125,1.2916666666666667,3.75,0.2733333333333333,0.3488888888888889,0.37777777777777777,0.03333333333333333,0.34444444444444444,0.034467639347828705
42,ownership_cap_hard,0.5202186267554647,0.11412561011183545,0.038317457227816494,0.8756254781251551,1.916621960625258,0.16554043415638214,0.39219047619047614,179225.46967556918,1376.514865473782,184962.45265836827,627.3833333333333,8.586856393435339,13.379166666666666,1.3416666666666666,1.2916666666666667,1.3166666666666667,0.10833333333333334,1.2083333333333333,3.95,0.339662447257384,0.3270042194092827,0.3333333333333333,0.027426160337552744,0.3059071729957806,0.04366970929881475
42,purchase_tax,0.4930369282182535,0.12290969619862517,0.049876287138636455,0.859283510234818,1.8605519920785354,0.2630662931181988,0.4469207646704956,191689.3032646127,1368.8012540264651,214480.85530123964,632.1583333333333,5.037346522872839,21.808333333333334,1.1,1.3583333333333334,1.5583333333333333,0.3416666666666667,1.2166666666666666,4.016666666666667,0.27385892116182575,0.3381742738589212,0.3879668049792531,0.08506224066390042,0.3029045643153527,0.03972466374493466
42,vacancy_tax,0.5272574443747424,0.15790396881802077,0.034499905562463,0.8568547626868525,1.8557946996521757,0.2573995653659108,0.42721428571428566,191097.8492606906,1309.2329266159222,207560.65365128158,615.9416666666667,4.917599813818301,17.983333333333334,1.2,1.55,1.5416666666666667,0.525,1.0166666666666666,4.291666666666667,0.2796116504854369,0.3611650485436893,0.3592233009708738,0.12233009708737864,0.23689320388349513,0.029501758488980956
42,portfolio_tax,0.5009267181082396,0.10720173137996308,0.0392773826721715,0.8618424073422191,1.8535152916153368,0.2696450114382351,0.4472619047619048,191680.29005000895,1402.0529115541983,219441.42982711084,623.3583333333333,3.4769651564910182,15.474789915966387,1.3583333333333334,1.1916666666666667,1.4,0.3416666666666667,1.0583333333333333,3.95,0.3438818565400844,0.30168776371308015,0.35443037974683544,0.08649789029535865,0.2679324894514768,0.03783861633238228
43,baseline,0.5314269320062011,0.07213652700101648,0.030251259311632934,0.8693823740322493,2.091916835786409,0.33186785419971454,0.3868274353324803,216909.650311354,1431.0019769086023,244841.9713944371,630.4333333333333,3.7097064194409324,2.1375,0.7416666666666667,1.4416666666666667,0.9416666666666667,0.2,0.7416666666666667,3.125,0.23733333333333334,0.4613333333333333,0.30133333333333334,0.064,0.23733333333333334,0.027285679435844923
43,waiting_period,0.5450135840064723,0.053673904971647764,0.06005602075710601,0.8520802824795446,2.0647471655720495,0.3604982176393719,0.36726906398226095,222368.62623459747,1440.1287973348299,276291.38490944623,626.4666666666667,4.038100188100188,2.158333333333333,0.825,1.3583333333333334,0.6416666666666667,0.24166666666666667,0.4,2.825,0.2920353982300885,0.4808259587020649,0.22713864306784662,0.0855457227138643,0.1415929203539823,0.03054012359148417
43,ownership_cap_soft,0.528332879966234,0.061143339154017345,0.0687267532283417,0.8691695421020227,2.122179156780084,0.3149196615181554,0.3709761904761904,215221.3479999585,1476.036087700595,269687.93411512143,621.175,4.517756064690027,2.264705882352941,0.7083333333333334,1.2083333333333333,0.8166666666666667,0.16666666666666666,0.65,2.7333333333333334,0.25914634146341464,0.4420731707317073,0.29878048780487804,0.06097560975609756,0.23780487804878048,0.07700014227498486
43,ownership_cap_hard,0.5394623448854915,0.04631073953196697,0.03238148363811664,0.8679191544698798,2.091113980407717,0.20498998204651706,0.3564642857142857,213358.5555325816,1403.7433856904647,227381.03074598778,617.0916666666667,5.279551201011378,2.3333333333333335,0.8833333333333333,1.3083333333333333,0.8166666666666667,0.03333333333333333,0.7833333333333333,3.0083333333333333,0.29362880886426596,0.43490304709141275,0.27146814404432135,0.0110803324099723,0.26038781163434904,0.030179445013559292
43,purchase_tax,0.5423823981470252,0.06564975169855722,0.0471136155750442,0.8636378152287111,2.055447055164707,0.3333515827756898,0.36916500004543595,214859.48635558615,1453.9737708254474,236384.34401376956,627.5416666666666,3.4164993052924086,2.1708333333333334,0.7583333333333333,1.5333333333333334,0.8083333333333333,0.2,0.6083333333333333,3.1,0.2446236559139785,0.4946236559139785,0.260752688172043,0.06451612903225806,0.19623655913978494,0.010649916374506407
43,vacancy_tax,0.5324707059121774,0.07069634614109391,0.04611614579608278,0.8632983731697765,2.06167260610087,0.33859323006081077,0.36701744127230534,220186.064615482,1444.6204997680904,251669.28050566913,630.575,4.370008354218881,2.3541666666666665,0.6416666666666667,1.4916666666666667,0.775,0.225,0.55,2.908333333333333,0.22063037249283668,0.5128939828080229,0.2664756446991404,0.07736389684813753,0.18911174785100288,0.032636060247952736
43,portfolio_tax,0.5249021005309722,0.055948560851695375,0.051620325425917754,0.8643890080584566,2.106929736276215,0.32316238708159123,0.3782500000000001,219552.32276348065,1396.8225247156965,240517.9436607367,619.0083333333333,3.8698826777087647,2.3375,0.875,1.2416666666666667,0.8166666666666667,0.20833333333333334,0.6083333333333333,2.933333333333333,0.29829545454545453,0.42329545454545453,0.2784090909090909,0.07102272727272728,0.20738636363636365,0.04010806679757861
44,baseline,0.5437755614649367,0.05628015190445672,0.03508615056933404,0.8739543137325497,1.9251855827535251,0.3531530949739556,0.33346428571428566,181854.43875877102,1431.2457399671107,198274.84511187908,612.65,4.715321067821068,6.46218487394958,1.2,1.3166666666666667,0.7166666666666667,0.18333333333333332,0.5333333333333333,3.2333333333333334,0.3711340206185567,0.4072164948453608,0.22164948453608246,0.05670103092783505,0.16494845360824742,0.02401319184159334
44,waiting_period,0.5512407855308525,0.06630392058474305,0.06606212454472499,0.8717527197397749,1.917627254953374,0.3287564744485508,0.35350000000000004,184128.7461391152,1359.6577634784796,209458.44010573087,623.0333333333333,4.483251933251933,6.320833333333334,1.1416666666666666,1.325,0.7333333333333333,0.225,0.5083333333333333,3.2,0.3567708333333333,0.4140625,0.22916666666666666,0.0703125,0.15885416666666666,0.026243586652722195
44,ownership_cap_soft,0.5388405792976219,0.06875447282057608,0.056131716666995776,0.8706227760071,1.9371631969662964,0.3205892806437435,0.3520357142857143,180712.0171527584,1363.571067885798,200278.54589026887,619.475,5.159835843169176,6.308333333333334,0.9583333333333334,1.3416666666666666,0.775,0.09166666666666666,0.6833333333333333,3.075,0.3116531165311653,0.4363143631436314,0.25203252032520324,0.02981029810298103,0.2222222222222222,0.023629083477842094
44,ownership_cap_hard,0.5628106867557308,0.053637323222059025,0.05964315382269904,0.8670415776838454,1.8927374688626102,0.2013047290238247,0.3146666666666667,178798.0515561861,1478.1854485190993,208249.6200355203,629.15,5.5616563146997935,6.95,1.0083333333333333,1.7916666666666667,0.6916666666666667,0.05,0.6416666666666667,3.4916666666666667,0.28878281622911695,0.513126491646778,0.19809069212410502,0.014319809069212411,0.18377088305489261,0.03581788970696853
44,purchase_tax,0.561105242198288,0.07396118385743465,0.040159140373499165,0.8602162448358628,1.8841533729692332,0.3648682298067622,0.3266309523809524,186981.9848478562,1361.0565929013978,203641.34568845076,613.9583333333334,4.705271464646465,6.570833333333334,0.8916666666666667,1.725,0.7833333333333333,0.15,0.6333333333333333,3.4,0.2622549019607843,0.5073529411764706,0.23039215686274508,0.04411764705882353,0.18627450980392157,0.018463585276222494
44,vacancy_tax,0.5477425185699218,0.06899504255321753,0.050491137387571564,0.865190115506145,1.919866650672148,0.34080159357577017,0.33885714285714286,183645.29489946546,1392.8386590193588,200600.75469316682,614.025,5.665614370748299,6.529166666666667,0.975,1.4666666666666666,0.6833333333333333,0.20833333333333334,0.475,3.125,0.312,0.4693333333333333,0.21866666666666668,0.06666666666666667,0.152,0.00966495657963895
44,portfolio_tax,0.5392023324516093,0.05871507556182247,0.05050346807794403,0.8665791490302421,1.87269353260104,0.3499412625158717,0.3232499999999999,183427.79674221048,1432.5894871263547,216827.2976102784,619.05,5.009428992836072,6.6,0.8833333333333333,1.5666666666666667,0.725,0.24166666666666667,0.48333333333333334,3.175,0.2782152230971129,0.49343832020997375,0.2283464566929134,0.07611548556430446,0.15223097112860892,0.04011998973044406
45,baseline,0.5292336694303722,0.08792437077006929,0.031611932087514345,0.8607344120179043,1.9922615395373773,0.29851621004211637,0.3831071428571429,216419.18752126282,1325.71836903895,239853.34889478915,576.925,4.362635756056808,2.3125,0.7833333333333333,1.2666666666666666,0.9583333333333334,0.20833333333333334,0.75,3.0083333333333333,0.26038781163434904,0.42105263157894735,0.3185595567867036,0.06925207756232687,0.24930747922437674,0.024760369743116906
45,waiting_period,0.5309433731590372,0.09979467743275132,0.0251083375947893,0.8383560084601631,1.9470890317197316,0.34605633628236654,0.3918928571428572,219713.44788900515,1300.3983186820722,246922.2317541382,591.2916666666666,6.010317460317459,2.4166666666666665,0.6333333333333333,1.1083333333333334,1.1583333333333334,0.5,0.6583333333333333,2.9,0.21839080459770116,0.382183908045977,0.3994252873563218,0.1724137931034483,0.22701149425287356,-0.007724901904416326
45,ownership_cap_soft,0.5092033993556441,0.08916000596353581,0.03851961274609634,0.8603652552593957,2.069209972871174,0.2629938973988934,0.3976428571428572,217339.005516654,1364.6256706334075,242822.56699592381,580.1,5.036235119047619,2.425,0.8083333333333333,1.125,0.8583333333333333,0.11666666666666667,0.7416666666666667,2.7916666666666665,0.28955223880597014,0.40298507462686567,0.3074626865671642,0.041791044776119404,0.2656716417910448,0.03621660394672421
45,ownership_cap_hard,0.5278145118288068,0.07277598361981431,0.0401493528689167,0.8569752486139276,2.0406714740712895,0.166817798918376,0.3818571428571429,214988.75323254472,1386.7767569560597,253648.59989243897,592.525,6.42858235037134,2.4,0.75,1.2416666666666667,0.9666666666666667,0.025,0.9416666666666667,2.9583333333333335,0.2535211267605634,0.4197183098591549,0.3267605633802817,0.008450704225352112,0.3183098591549296,0.03942214788439369
45,purchase_tax,0.5221608395202534,0.08429754183103627,0.05180071612461729,0.8664276812448971,2.0073246320387836,0.29312917881569794,0.3914761904761904,215559.61860125166,1340.8330640626396,233014.0992284306,583.6,4.685649935649936,2.2,0.8416666666666667,1.25,1.1,0.225,0.875,3.191666666666667,0.26370757180156656,0.391644908616188,0.34464751958224543,0.07049608355091384,0.2741514360313316,0.01571643908896747
45,vacancy_tax,0.5384442840429587,0.09336003284998959,0.031318405269614956,0.8536542189575618,2.019693927824057,0.29505324605633654,0.3914047619047619,214827.4929216869,1346.189295167883,239968.91952489788,576.475,5.89742344811152,2.475,0.8916666666666667,1.1583333333333334,1.0333333333333334,0.3,0.7333333333333333,3.0833333333333335,0.2891891891891892,0.37567567567567567,0.33513513513513515,0.0972972972972973,0.23783783783783785,0.018118099169698754
45,portfolio_tax,0.5240907289723731,0.08309409556200092,0.06484075397675859,0.8672129261926501,2.0160374468542046,0.2832597681456456,0.3919166666666667,214024.38702214535,1348.9976787260525,249377.61017293154,591.15,4.767989417989417,2.3291666666666666,0.825,1.275,1.0166666666666666,0.225,0.7916666666666666,3.1166666666666667,0.2647058823529412,0.4090909090909091,0.32620320855614976,0.07219251336898395,0.2540106951871658,0.051958046842676575
46,baseline,0.5085350327115795,0.05691913677615811,0.04816985446746951,0.8611539318608273,2.023500137206299,0.27911893846112446,0.3789999999999999,210941.2646079326,1425.0874349164396,261722.12881716932,607.9916666666667,3.6179582210242587,2.3875,0.9083333333333333,1.1333333333333333,0.925,0.19166666666666668,0.7333333333333333,2.966666666666667,0.3061797752808989,0.38202247191011235,0.31179775280898875,0.06460674157303371,0.24719101123595505,0.04890299657136832
46,waiting_period,0.4952768896298111,0.06378809055792897,0.06520914221661002,0.8419127813665802,2.0220066287039087,0.2982065778065815,0.38845238095238094,218113.95875690732,1449.7179788108294,266240.20433996693,610.1833333333333,3.959130559130559,2.3,0.65,1.3916666666666666,0.9333333333333333,0.21666666666666667,0.7166666666666667,2.975,0.2184873949579832,0.4677871148459384,0.3137254901960784,0.07282913165266107,0.24089635854341737,0.02568511907246429
46,ownership_cap_soft,0.5177792758205241,0.055590434317064126,0.05046302520157027,0.8520843110057406,2.0285541331462644,0.25962162224719265,0.3747857142857143,215764.94893932858,1476.7684937694526,261558.02797563554,612.625,3.7850304705215416,2.4166666666666665,0.8916666666666667,1.5333333333333334,0.7083333333333334,0.041666666666666664,0.6666666666666666,3.1333333333333333,0.2845744680851064,0.48936170212765956,0.22606382978723405,0.013297872340425532,0.2127659574468085,0.04427674182999808
46,ownership_cap_hard,0.5224243527063606,0.058122833946072115,0.0620558777530892,0.8624952456317271,2.0439609843998974,0.17175299083151213,0.3681190476190476,213816.8841578608,1420.3081554872583,247922.55660889784,611.4583333333334,3.9261054421768713,2.226890756302521,0.8583333333333333,1.275,1.0166666666666666,0.03333333333333333,0.9833333333333333,3.15,0.2724867724867725,0.40476190476190477,0.32275132275132273,0.010582010582010581,0.31216931216931215,0.03329765133311757
46,purchase_tax,0.503276946838048,0.05999995491065227,0.03575330757845836,0.8626933845718651,2.0166412952237294,0.27512065769501814,0.3915119047619047,213246.37675178677,1414.8736964123989,245243.41098690845,598.7166666666667,3.407550125313283,2.3583333333333334,0.85,1.275,1.025,0.175,0.85,3.15,0.2698412698412698,0.40476190476190477,0.3253968253968254,0.05555555555555555,0.2698412698412698,0.02962220889625744
46,vacancy_tax,0.4990510668079825,0.06044009767558091,0.03577451187776813,0.8539776454560393,2.0845255651975227,0.2851327167589125,0.3879404761904762,216301.545316777,1436.6413659639752,248650.74066627503,605.9083333333333,4.134871470712179,2.4625,0.8166666666666667,1.1583333333333334,0.9583333333333334,0.19166666666666668,0.7666666666666667,2.933333333333333,0.2784090909090909,0.39488636363636365,0.32670454545454547,0.06534090909090909,0.26136363636363635,0.02717102711734709
46,portfolio_tax,0.5186937397841481,0.05028449610722312,0.061188779699156905,0.8488789601087672,1.9936841073308462,0.28915360322080763,0.3646666666666667,214530.36646272478,1464.143423441617,291565.3895939634,622.1416666666667,3.709969923043318,2.3875,0.7666666666666667,1.4333333333333333,0.8833333333333333,0.23333333333333334,0.65,3.0833333333333335,0.24864864864864866,0.4648648648648649,0.2864864864864865,0.07567567567567568,0.21081081081081082,0.05218427369118195
47,baseline,0.49405570122800896,0.07425187261152463,0.03056523066083475,0.860865780941266,1.9948515410194467,0.32324161623396275,0.3717857142857143,199726.82695913682,1457.6830358431907,208898.59372512152,617.8083333333333,4.537031184155078,2.3666666666666667,0.525,1.55,1.1416666666666666,0.2833333333333333,0.8583333333333333,3.216666666666667,0.16321243523316062,0.48186528497409326,0.3549222797927461,0.08808290155440414,0.266839378238342,0.012034585900649208
47,waiting_period,0.4888538816088415,0.0727747831268462,0.06260774959835898,0.8551354171822989,2.003050958515686,0.31524966734342125,0.3754185455747956,203573.9121250401,1474.7224846310885,246596.96569604974,634.6416666666667,5.411034658511723,2.4201680672268906,0.7666666666666667,1.2083333333333333,0.8,0.26666666666666666,0.5333333333333333,2.775,0.27627627627627627,0.43543543543543545,0.2882882882882883,0.0960960960960961,0.1921921921921922,0.022616743721237675
47,ownership_cap_soft,0.4796452995207021,0.06774670482506075,0.05714040115865263,0.8674717762463949,2.0290233279524936,0.2883791649523571,0.38103571428571426,199751.32170310692,1424.1420373794947,230139.37265705364,622.8166666666667,5.356956956956957,2.3445378151260505,0.7583333333333333,1.2916666666666667,0.85,0.15,0.7,2.9,0.2614942528735632,0.4454022988505747,0.29310344827586204,0.05172413793103448,0.2413793103448276,0.04867673437619957
47,ownership_cap_hard,0.49105358468708526,0.05761634250248311,0.05447861066184185,0.8643933071096225,2.0579496898016583,0.18650313932194865,0.3545788270155047,200608.74152579845,1500.431806133798,241541.1630971991,636.6166666666667,6.401622766658999,2.4791666666666665,0.7833333333333333,1.3666666666666667,0.7083333333333334,0.05,0.6583333333333333,2.8583333333333334,0.27405247813411077,0.478134110787172,0.2478134110787172,0.01749271137026239,0.2303206997084548,0.04645909485488309
47,purchase_tax,0.48586584483472245,0.06844698156897426,0.04995970671279777,0.870887772637758,2.01870535153973,0.3085897401389068,0.3822380952380953,200278.3743978225,1410.4317512152386,224353.71186209185,627.9083333333333,4.459986665120594,2.279166666666667,0.7666666666666667,1.2916666666666667,0.85,0.23333333333333334,0.6166666666666667,2.908333333333333,0.2636103151862464,0.44412607449856734,0.2922636103151863,0.08022922636103152,0.21203438395415472,0.04202975778864437
47,vacancy_tax,0.49652214872329664,0.07132143162402911,0.055364222070451545,0.8651625633335238,2.0156518783933772,0.3209265531383844,0.37729638114348546,199885.61698350037,1422.7388253463287,230176.81329019566,630.325,4.00010725010725,2.096638655462185,0.8833333333333333,1.4083333333333334,0.7916666666666666,0.24166666666666667,0.55,3.0833333333333335,0.2864864864864865,0.45675675675675675,0.25675675675675674,0.07837837837837838,0.1783783783783784,0.04170152172944319
47,portfolio_tax,0.483641489040906,0.07280550072478996,0.05844643143872359,0.862095881554208,1.9865013578148114,0.30577592525419717,0.3759541387653268,201600.29262233197,1403.3666934456216,229954.97259417103,634.4083333333333,4.531771949733114,2.4458333333333333,0.8583333333333333,1.35,0.8166666666666667,0.25833333333333336,0.5583333333333333,3.025,0.2837465564738292,0.4462809917355372,0.2699724517906336,0.08539944903581267,0.18457300275482094,0.048191215380151364
48,baseline,0.529424337706531,0.059421750892900055,0.038771292431352376,0.8743329748699118,1.9115295276736002,0.3769099018004862,0.34090476190476193,185996.4292791989,1510.36444908262,213721.91750730056,615.05,4.544826644826646,10.508333333333333,0.925,1.4416666666666667,0.7416666666666667,0.15833333333333333,0.5833333333333334,3.1083333333333334,0.2975871313672922,0.46380697050938335,0.2386058981233244,0.05093833780160858,0.1876675603217158,0.03459032342694224
48,waiting_period,0.5302704098167753,0.05734165534682744,0.051800022116543484,0.8696313894549292,1.9448426247612745,0.36025711497472945,0.33715476190476185,185439.2387629235,1575.2801034378815,220362.99818634306,598.5666666666667,4.3824051324051325,13.820833333333333,0.975,1.35,0.7583333333333333,0.21666666666666667,0.5416666666666666,3.0833333333333335,0.3162162162162162,0.43783783783783786,0.24594594594594596,0.07027027027027027,0.17567567567567569,0.04461930184197338
48,ownership_cap_soft,0.49785843149072273,0.061880435946153,0.04242176486268463,0.8745442728881648,1.9200989771426467,0.32484107754954894,0.3592380952380952,182960.19095272137,1571.2537150049673,208796.26496765568,611.825,4.64177201854193,12.908333333333333,0.7416666666666667,1.5583333333333333,0.875,0.13333333333333333,0.7416666666666667,3.175,0.2335958005249344,0.49081364829396323,0.2755905511811024,0.04199475065616798,0.2335958005249344,0.025039947519941208
48,ownership_cap_hard,0.556030664237889,0.045997132842333435,0.03615845291340311,0.8784647660477345,1.9657752709301832,0.2392624004501106,0.3000119047619048,181230.42078216345,1589.2476950188036,198743.81796011454,599.225,6.2115542050153385,3.7875,0.9833333333333333,1.3166666666666667,0.925,0.06666666666666667,0.8583333333333333,3.225,0.3049095607235142,0.4082687338501292,0.2868217054263566,0.020671834625323,0.2661498708010336,0.016922790593811632
48,purchase_tax,0.5252534130769296,0.060738466790741685,0.042198582308136605,0.8723076321747533,1.9337273521426126,0.36815772295565735,0.3427142857142857,185141.9979258548,1470.723113716082,201925.57659260003,597.2666666666667,4.478458538587848,10.395833333333334,1.0083333333333333,1.3833333333333333,0.975,0.2,0.775,3.3666666666666667,0.2995049504950495,0.41089108910891087,0.2896039603960396,0.0594059405940594,0.2301980198019802,0.03195502192492938
48,vacancy_tax,0.5446733188231287,0.058508697371808825,0.03711020904612208,0.8714590582364578,1.9059427085787755,0.37581337408973275,0.33441666666666664,183597.79953556234,1505.9615677958495,207492.52239330218,599.2333333333333,4.414402816947065,10.475,1.0833333333333333,1.5166666666666666,0.8916666666666667,0.275,0.6166666666666667,3.4916666666666667,0.31026252983293556,0.4343675417661098,0.2553699284009546,0.07875894988066826,0.1766109785202864,0.030545623655751086
48,portfolio_tax,0.5352696806743114,0.05312858110622947,0.04473762355705036,0.8747641958055143,1.929843407828347,0.37145446085002404,0.338,189166.56150222846,1534.282603410998,236111.3578307107,612.2333333333333,5.253905597326651,10.675,0.75,1.4916666666666667,0.6666666666666666,0.18333333333333332,0.48333333333333334,2.908333333333333,0.25787965616045844,0.5128939828080229,0.22922636103151864,0.06303724928366762,0.166189111747851,0.02904089615970684
49,baseline,0.49212302703995703,0.07605919225131229,0.060602387374078616,0.8694000505836809,1.9565311785170958,0.30062585141317627,0.38985832879979054,203547.74866079103,1507.9971391681354,234290.7787515853,656.25,3.9953036576949623,2.3,0.8166666666666667,1.2,1.1833333333333333,0.2833333333333333,0.9,3.2,0.2552083333333333,0.375,0.3697916666666667,0.08854166666666667,0.28125,0.03683786135701439
49,waiting_period,0.5069260566337722,0.06512708189398715,0.04423135729552749,0.8645928239675265,1.949010054047785,0.30819889646729165,0.3832066656931531,207853.5203503767,1524.1207982105914,232987.1098997741,640.85,4.130545805545806,2.3916666666666666,0.825,1.35,1.0083333333333333,0.21666666666666667,0.7916666666666666,3.183333333333333,0.2591623036649215,0.42408376963350786,0.31675392670157065,0.06806282722513089,0.2486910994764398,0.020319036012732106
49,ownership_cap_soft,0.5096034088751803,0.0720348285110138,0.09216341940511633,0.8628069276395653,1.946737537787257,0.2636452567176702,0.39332525380456396,211014.35564556642,1545.366296241036,267929.5232720697,657.375,3.6439794836853667,2.316666666666667,0.825,1.225,1.1333333333333333,0.14166666666666666,0.9916666666666667,3.183333333333333,0.2591623036649215,0.38481675392670156,0.35602094240837695,0.04450261780104712,0.31151832460732987,0.06960790523152971
49,ownership_cap_hard,0.5373238702136967,0.07372880286889598,0.07884469372663708,0.8619837626112035,1.9173776935315594,0.18039996864585786,0.35186810843044775,201935.6115976564,1482.7076153507019,233282.20677246831,646.375,4.415252340252341,2.470833333333333,0.9583333333333334,1.4583333333333333,1.1,0.008333333333333333,1.0916666666666666,3.5166666666666666,0.2725118483412322,0.4146919431279621,0.3127962085308057,0.002369668246445498,0.3104265402843602,0.03983613640612349
49,purchase_tax,0.5048102249332644,0.06931751635760953,0.04504270708014637,0.8666263854598474,1.9644468413273193,0.30751386812995707,0.3786477933042697,205183.43813938217,1542.138893886354,233304.28951924076,640.8583333333333,3.7911760461760458,2.3375,0.7666666666666667,1.2916666666666667,1.125,0.20833333333333334,0.9166666666666666,3.183333333333333,0.24083769633507854,0.40575916230366493,0.35340314136125656,0.06544502617801047,0.2879581151832461,0.029783645423826943
49,vacancy_tax,0.5142594858944084,0.07587988777993929,0.06004413687868107,0.8648697125813734,1.930052121583809,0.3074289350427474,0.3772532018786405,201446.63691631946,1510.505031071219,227500.1522591532,655.2416666666667,3.9581912290607946,2.45,1.0166666666666666,1.2583333333333333,1.0916666666666666,0.25,0.8416666666666667,3.3666666666666667,0.30198019801980197,0.37376237623762376,0.32425742574257427,0.07425742574257425,0.25,0.0417186427803109
49,portfolio_tax,0.5073572430287748,0.07234796770836581,0.0575373113979349,0.8664385285535819,1.949112303974635,0.3123769452171116,0.374734696038768,205372.6974168268,1492.0763945513459,230010.30448928458,648.575,3.768153899240856,2.4458333333333333,0.875,1.225,1.1416666666666666,0.2916666666666667,0.85,3.2416666666666667,0.2699228791773779,0.37789203084832906,0.35218508997429304,0.08997429305912596,0.2622107969151671,0.002948485755512431
50,baseline,0.5059625097536606,0.06802006781023864,0.04112598194846933,0.85037534338787,1.9079948813846357,0.29443129112244754,0.3672857142857143,207327.3994036856,1455.8651057085394,248526.3277942627,608.4833333333333,3.9685559769630565,4.716666666666667,0.8833333333333333,1.5333333333333334,1.075,0.16666666666666666,0.9083333333333333,3.4916666666666667,0.2529832935560859,0.43914081145584727,0.30787589498806683,0.0477326968973747,0.26014319809069214,0.03134845342359682
50,waiting_period,0.50439667977977,0.07482158583406016,0.06293844569415263,0.8562385310429766,1.911598196687297,0.2976335315347962,0.36823809523809525,204851.86236047864,1457.1731996769265,254894.75014253284,607.7083333333334,3.9791248955722636,5.176470588235294,0.8,1.375,1.1,0.21666666666666667,0.8833333333333333,3.275,0.24427480916030533,0.4198473282442748,0.33587786259541985,0.06615776081424936,0.2697201017811705,0.029226956760947997
50,ownership_cap_soft,0.5036943574056897,0.07149316345139942,0.06702966691909223,0.8609768534777447,1.9203575087173839,0.2593242706642262,0.3741071428571428,205478.3697189219,1455.3024094794196,246565.41295227612,604.1333333333333,3.1499262536873163,3.3291666666666666,0.8,1.325,1.075,0.09166666666666666,0.9833333333333333,3.2,0.25,0.4140625,0.3359375,0.028645833333333332,0.3072916666666667,0.03325400318441374
50,ownership_cap_hard,0.5288482106604874,0.06608507883996237,0.05444458804559367,0.8568743034438422,1.930375857800222,0.18090633473729373,0.3534880952380952,203245.31501971948,1465.2295277486794,247481.74144767903,603.925,4.382194465781651,9.4625,0.9833333333333333,1.3666666666666667,1.05,0.041666666666666664,1.0083333333333333,3.4,0.28921568627450983,0.4019607843137255,0.3088235294117647,0.012254901960784314,0.2965686274509804,0.02713976154425035
50,purchase_tax,0.48982529171739553,0.06842447613769304,0.07042588215893152,0.8583201664851406,1.966717067191763,0.2680971929051628,0.3915238095238095,206683.75191047526,1427.0703909958718,260077.1924385608,606.3166666666667,4.516425353925354,6.479166666666667,0.875,1.3083333333333333,1.0333333333333334,0.15833333333333333,0.875,3.216666666666667,0.27202072538860106,0.4067357512953368,0.32124352331606215,0.04922279792746114,0.27202072538860106,0.049908845809973235
50,vacancy_tax,0.5060310839889691,0.07689920028288559,0.0651457017401637,0.8520607097956983,1.9136389488469336,0.3209111986523131,0.3439523809523809,205549.0086144612,1531.3747344717863,232508.7306298441,597.7083333333334,5.313965833246879,4.697478991596639,0.7,1.5666666666666667,0.9333333333333333,0.19166666666666668,0.7416666666666667,3.2,0.21875,0.4895833333333333,0.2916666666666667,0.059895833333333336,0.23177083333333334,0.0013685453920508905
50,portfolio_tax,0.5283761895815607,0.06805091146441121,0.05978653891462434,0.8621727648346601,1.9328436979911294,0.30397455747907465,0.3534285714285714,201416.07462919687,1407.6845080403064,243315.89244636582,603.6166666666667,3.744499735921305,8.004166666666666,0.9666666666666667,1.3,0.975,0.13333333333333333,0.8416666666666667,3.2416666666666667,0.2982005141388175,0.40102827763496146,0.30077120822622105,0.04113110539845758,0.2596401028277635,0.05988133968886267
51,baseline,0.5156567729102582,0.057950711140751884,0.054843714265300235,0.8504627705044095,1.939547202314831,0.3601149567609795,0.3584166666666667,222105.1181790298,1454.4163073680136,250849.39498379288,620.325,4.206696428571428,2.283333333333333,0.8,1.2583333333333333,0.8583333333333333,0.15833333333333333,0.7,2.9166666666666665,0.2742857142857143,0.43142857142857144,0.29428571428571426,0.054285714285714284,0.24,0.04721819279584594
51,waiting_period,0.5362218116531501,0.05474889826818489,0.04586879914198711,0.8410556121860201,1.9107252220664133,0.3758437637087726,0.34515476190476185,229073.32960384674,1478.997114485086,257170.4914935296,619.1083333333333,4.2684848484848485,2.2041666666666666,0.7666666666666667,1.3,0.775,0.325,0.45,2.841666666666667,0.2697947214076246,0.4574780058651026,0.2727272727272727,0.11436950146627566,0.15835777126099707,0.054039712471005474
51,ownership_cap_soft,0.507425157132531,0.053255224150958555,0.057148025959032976,0.8463112569902542,1.9228763623454264,0.35352937752685,0.35020238095238093,226854.25524340558,1449.5402745273261,272067.27733528503,616.2083333333334,4.842411650194669,2.4458333333333333,0.575,1.3583333333333334,0.7083333333333334,0.125,0.5833333333333334,2.6416666666666666,0.21766561514195584,0.5141955835962145,0.26813880126182965,0.0473186119873817,0.22082018927444794,0.06064658402673295
51,ownership_cap_hard,0.5707193813846918,0.05271086593089624,0.010585245249439622,0.8551339244884413,1.9290298103996755,0.25320700023084336,0.30849999999999994,219777.8854145181,1463.2271193212516,227020.55237871554,618.8916666666667,5.920530824942588,2.4833333333333334,0.7333333333333333,1.5666666666666667,0.6833333333333333,0.03333333333333333,0.65,2.9833333333333334,0.24581005586592178,0.5251396648044693,0.22905027932960895,0.0111731843575419,0.21787709497206703,0.002699327899834625
51,purchase_tax,0.516905806874872,0.05570856088614191,0.0416282975898993,0.8508924158706485,1.9143100097822332,0.3697963597674054,0.34325000000000006,223404.02387133197,1501.8421674961346,244920.19681595018,628.2333333333333,4.068774801587302,2.15,0.75,1.275,0.8083333333333333,0.24166666666666667,0.5666666666666667,2.8333333333333335,0.2647058823529412,0.45,0.2852941176470588,0.08529411764705883,0.2,0.04220320094511121
51,vacancy_tax,0.5083537229964089,0.05414451924720365,0.05784769564305101,0.8501937343185436,1.9534520919523795,0.3704169648705196,0.3522479231662826,224142.4551335262,1487.8118603596774,255753.3647264475,631.775,4.556421356421356,2.19327731092437,0.8,1.2916666666666667,0.6666666666666666,0.175,0.49166666666666664,2.7583333333333333,0.29003021148036257,0.46827794561933533,0.24169184290030213,0.0634441087613293,0.1782477341389728,0.048971427850937665
51,portfolio_tax,0.5323543888785023,0.050468805557595614,0.030514085167262714,0.845204816245726,1.8934412084614933,0.3690262997270815,0.3385238095238095,228461.9925414181,1467.0511167273712,252815.90147626845,635.8166666666667,4.6140855457227135,2.325,0.7166666666666667,1.4833333333333334,0.7583333333333333,0.23333333333333334,0.525,2.9583333333333335,0.24225352112676057,0.5014084507042254,0.2563380281690141,0.07887323943661972,0.17746478873239438,0.0062827040238055964
52,baseline,0.5847169212800677,0.12401532527041342,0.04943658113648099,0.8727661753414337,1.9229989835976886,0.32552653466352754,0.385047619047619,187013.25293705674,1308.3297929377,201179.5065017938,604.475,3.9768438697318005,16.516666666666666,1.475,1.25,1.1833333333333333,0.4,0.7833333333333333,3.908333333333333,0.3773987206823028,0.31982942430703626,0.302771855010661,0.1023454157782516,0.20042643923240938,0.031456019136309354
52,waiting_period,0.5846940846461659,0.11808626398841501,0.03225969371262703,0.8751998640012059,1.947765518637574,0.32360461677378666,0.3868452380952381,183815.3297843588,1294.1214966279372,197914.86548469763,589.325,4.480722247101557,13.116666666666667,1.3416666666666666,1.225,1.1,0.44166666666666665,0.6583333333333333,3.6666666666666665,0.3659090909090909,0.3340909090909091,0.3,0.12045454545454545,0.17954545454545454,0.0346681746495896
52,ownership_cap_soft,0.5817800952183431,0.13351816594661764,0.06744546735069855,0.8757914806470501,1.96175104624867,0.28954748607297404,0.3860119047619047,184538.08665096536,1314.510192203558,196727.84644840992,590.575,5.545654540391383,11.875,1.3666666666666667,1.1916666666666667,1.2833333333333334,0.175,1.1083333333333334,3.841666666666667,0.3557483731019523,0.31019522776572667,0.33405639913232105,0.0455531453362256,0.2885032537960954,0.05520537913822632
52,ownership_cap_hard,0.5956739174626371,0.09079101249811668,0.04023271225275075,0.881611511575526,2.00713218477527,0.17397296337585968,0.3500119047619048,178361.69752465264,1383.3613194728412,188003.91319359306,607.0583333333333,6.717804441934877,18.958333333333332,1.2583333333333333,1.2333333333333334,1.15,0.058333333333333334,1.0916666666666666,3.6416666666666666,0.34553775743707094,0.33867276887871856,0.3157894736842105,0.016018306636155607,0.2997711670480549,0.03798412528241912
52,purchase_tax,0.5941364830605417,0.1277358046556897,0.04881970326753862,0.8723681470073535,1.9427247405992072,0.33414118228300943,0.37049999999999994,185488.56450041616,1333.456317703782,191417.5518529819,594.75,4.738300492610838,17.195833333333333,1.4333333333333333,1.1583333333333334,0.9833333333333333,0.3333333333333333,0.65,3.575,0.40093240093240096,0.32400932400932403,0.27505827505827507,0.09324009324009325,0.18181818181818182,0.011119393639697828
52,vacancy_tax,0.5816729659402784,0.12038269477699683,0.048771303733833454,0.8722735175916813,1.9389275494331566,0.31801662315407037,0.38440476190476197,186277.2514281679,1374.7476255314448,195670.54309811356,599.4916666666667,4.870733732324121,14.8875,1.1666666666666667,1.3583333333333334,1.275,0.4166666666666667,0.8583333333333333,3.8,0.30701754385964913,0.3574561403508772,0.3355263157894737,0.10964912280701754,0.22587719298245615,0.014150464933237128
52,portfolio_tax,0.5618103968618673,0.11550143007153237,0.046588202601706624,0.8736240450712197,1.9696265785183367,0.312536251717226,0.40014285714285713,184268.25017142028,1340.657578168417,190727.6759911272,595.4916666666667,4.80585449033725,11.5,1.2416666666666667,1.1916666666666667,1.2583333333333333,0.44166666666666665,0.8166666666666667,3.691666666666667,0.3363431151241535,0.3227990970654628,0.34085778781038373,0.11963882618510158,0.22121896162528218,0.03284291233954906
53,baseline,0.49325710638013986,0.09843728288696078,0.04010771258537061,0.8562723943007129,1.897147941055801,0.30552945706842977,0.3935186145273865,196356.12085793,1459.5273181319392,215912.3829650011,633.5583333333333,5.5025215281794235,19.4125,1.0,1.3166666666666667,1.2166666666666666,0.39166666666666666,0.825,3.533333333333333,0.2830188679245283,0.37264150943396224,0.3443396226415094,0.11084905660377359,0.23349056603773585,0.009999324381311236
53,waiting_period,0.5235599202626269,0.10191450696833865,0.05426757488181709,0.8672384648680409,1.9322891758317766,0.33308848774961036,0.38976190476190475,193618.99469909476,1381.8360958260223,208272.9513234332,609.2333333333333,5.193078701043303,13.758333333333333,1.275,1.2333333333333334,1.2666666666666666,0.43333333333333335,0.8333333333333334,3.775,0.33774834437086093,0.32671081677704195,0.3355408388520971,0.11479028697571744,0.22075055187637968,0.04748085084941578
53,ownership_cap_soft,0.5345595580674488,0.08371872528653937,0.049958795712494064,0.8478406550484263,1.8886789383647966,0.3230099352375433,0.35669047619047617,202259.3655201024,1518.8121846924878,249042.61514662617,629.3,5.7588752939447385,17.1125,1.0,1.5166666666666666,0.725,0.18333333333333332,0.5416666666666666,3.2416666666666667,0.30848329048843187,0.46786632390745503,0.2236503856041131,0.056555269922879174,0.16709511568123395,0.023379957520227812
53,ownership_cap_hard,0.5417229094599548,0.08207698594407407,0.05817656036879888,0.8663084257529351,1.9222010445394726,0.19187397755326308,0.3484047619047619,190239.54488026767,1468.0362823086539,220684.9062104817,615.6916666666667,8.181935665121506,13.258333333333333,1.1083333333333334,1.4333333333333333,0.8916666666666667,0.08333333333333333,0.8083333333333333,3.433333333333333,0.32281553398058255,0.4174757281553398,0.25970873786407767,0.024271844660194174,0.2354368932038835,0.06373608394491881
53,purchase_tax,0.521409593359093,0.09391744036364105,0.05367619584757756,0.8635413793459097,1.9185998602202483,0.33317147286882254,0.38994047619047617,194495.31980715072,1439.1712744096628,238497.72471693778,629.5083333333333,5.745042903070426,19.295833333333334,1.1083333333333334,1.2583333333333333,0.8916666666666667,0.25833333333333336,0.6333333333333333,3.2583333333333333,0.340153452685422,0.38618925831202044,0.27365728900255754,0.0792838874680307,0.19437340153452684,0.05119446798742899
53,vacancy_tax,0.512938519664034,0.09707328090652707,0.040956919381610155,0.8619788702303598,1.9339002267896344,0.3362383287947004,0.38385714285714284,192072.46881722516,1492.0959269248312,212940.7495173059,620.975,5.06205040086619,19.104166666666668,1.0916666666666666,1.35,1.425,0.31666666666666665,1.1083333333333334,3.8666666666666667,0.2823275862068966,0.34913793103448276,0.36853448275862066,0.08189655172413793,0.28663793103448276,0.028140767198570282
53,portfolio_tax,0.5310552094537188,0.07984526978684768,0.03876610524371223,0.8630239009514834,1.9070429182629145,0.3740056463624145,0.33874795425687004,195950.13041842703,1551.4153073616303,214082.09032745153,633.2,4.723889915161466,8.579166666666667,1.3083333333333333,1.3916666666666666,0.95,0.4,0.55,3.65,0.3584474885844749,0.3812785388127854,0.2602739726027397,0.1095890410958904,0.1506849315068493,0.020951728607701003
54,baseline,0.5856577436759599,0.07542311796541433,0.05067257883803179,0.8720347347106615,1.9164416020922093,0.3352787173564811,0.33751190476190474,191125.39997253913,1361.124350682211,188965.13583914458,597.7,4.3394085904679125,2.3771186440677967,1.075,1.3916666666666666,1.0,0.275,0.725,3.466666666666667,0.31009615384615385,0.4014423076923077,0.28846153846153844,0.07932692307692307,0.2091346153846154,0.006113605283992074
54,waiting_period,0.5896757885415899,0.08228636309576075,0.04844281409173865,0.8693391301096182,1.9070661763625623,0.29933641976523595,0.3445714285714286,190727.70918355152,1319.6576568112057,205815.00756568674,605.1916666666667,3.6955928853754942,2.3375,1.1583333333333334,1.4333333333333333,0.9083333333333333,0.2833333333333333,0.625,3.5,0.33095238095238094,0.4095238095238095,0.25952380952380955,0.08095238095238096,0.17857142857142858,0.03131908301219766
54,ownership_cap_soft,0.5732631591012312,0.07458122549874381,0.05907424321893961,0.8724141441934979,1.934831542660443,0.3049455741008128,0.3447857142857143,189170.1179793,1372.398483201629,215624.49637390272,595.8083333333333,4.94961415396198,2.399159663865546,1.0333333333333334,1.375,0.9833333333333333,0.18333333333333332,0.8,3.3916666666666666,0.3046683046683047,0.40540540540540543,0.28992628992628994,0.05405405405405406,0.23587223587223588,0.06602884123944586
54,ownership_cap_hard,0.6103787352450598,0.06916353772476652,0.059012109518652434,0.8651727799251011,1.8922429958915907,0.19645412741120735,0.31286904761904755,190361.63514324,1375.7291536144862,199573.33489679688,597.5666666666667,5.052399164794123,2.4873949579831933,1.15,1.6833333333333333,0.8416666666666667,0.11666666666666667,0.725,3.675,0.3129251700680272,0.4580498866213152,0.2290249433106576,0.031746031746031744,0.19727891156462585,0.037041824020398684
54,purchase_tax,0.5891223728080832,0.07512347692617019,0.02426142398126828,0.870920903235443,1.908095722396871,0.33703063912470616,0.3295476190476191,194709.73449369118,1349.8269961878627,198132.53208600357,597.6,3.927707156308851,2.4875,1.0833333333333333,1.4416666666666667,0.9083333333333333,0.25,0.6583333333333333,3.433333333333333,0.3155339805825243,0.4199029126213592,0.2645631067961165,0.07281553398058252,0.19174757281553398,0.011910060997137206
54,vacancy_tax,0.5621333128260786,0.07845075563522756,0.06225994487641504,0.8689969128521553,1.9186569474922208,0.2994590742856,0.35525,191217.0340501164,1330.0536714444163,198866.94716879932,598.775,4.2486606763917685,2.264705882352941,1.1166666666666667,1.2583333333333333,1.1,0.2916666666666667,0.8083333333333333,3.475,0.3213429256594724,0.36211031175059955,0.31654676258992803,0.08393285371702638,0.23261390887290168,0.03565514496952038
54,portfolio_tax,0.5817137436602332,0.07636412087934905,0.048869383118910883,0.8784138368712257,1.9563560026454554,0.32715120340814613,0.3403928571428572,190999.202247933,1376.8677007352892,190831.14190636392,586.4166666666666,5.187264579290441,2.566666666666667,0.9833333333333333,1.4083333333333334,0.95,0.2916666666666667,0.6583333333333333,3.341666666666667,0.2942643391521197,0.42144638403990026,0.28428927680798005,0.08728179551122195,0.1970074812967581,0.016014209914557043
55,baseline,0.49185000570552856,0.09975715262540837,0.065258458453091,0.8504726596400295,1.9360159133954382,0.2588304805278149,0.42682230633629686,215715.61114894014,1544.5348451174389,258511.86103678631,646.6083333333333,3.765789473684211,2.433333333333333,0.7666666666666667,1.3,1.4583333333333333,0.20833333333333334,1.25,3.525,0.21749408983451538,0.36879432624113473,0.41371158392434987,0.0591016548463357,0.3546099290780142,0.06901265333070561
55,waiting_period,0.5234918052859494,0.10618310777940426,0.03818384248202413,0.8516158131920025,1.8777609933816681,0.27864884358430436,0.4080191354993018,220487.7701319925,1496.265806086051,251806.14846422037,650.2833333333333,3.4407390449057114,2.225,0.8666666666666667,1.5416666666666667,1.5833333333333333,0.24166666666666667,1.3416666666666666,3.9916666666666667,0.21711899791231734,0.3862212943632568,0.3966597077244259,0.060542797494780795,0.33611691022964507,0.022894985874087892
55,ownership_cap_soft,0.5182361329332487,0.0874258644603719,0.06069994623384885,0.8408335916393368,1.9238467662471108,0.27101819939007116,0.3816139774765441,221395.5340194396,1613.0559981375807,270600.56879726955,651.0416666666666,4.765472678747015,2.3781512605042017,0.7666666666666667,1.5,0.8583333333333333,0.06666666666666667,0.7916666666666666,3.125,0.24533333333333332,0.48,0.27466666666666667,0.021333333333333333,0.25333333333333335,0.027565070436224026
55,ownership_cap_hard,0.5228434836991284,0.08296288968937127,0.03756122777200604,0.8557278206764085,1.8900061304184257,0.16408828886083096,0.39186246914799544,213704.9925868834,1547.122530685718,248881.60181111837,660.5333333333333,3.862593421071683,2.4125,0.8666666666666667,1.4583333333333333,1.4666666666666666,0.08333333333333333,1.3833333333333333,3.7916666666666665,0.22857142857142856,0.38461538461538464,0.3868131868131868,0.02197802197802198,0.3648351648351648,0.027945624965073135
55,purchase_tax,0.5258683507876973,0.08942901218307311,0.040651368527006675,0.8473172328572883,1.8878706256570117,0.28776064102808596,0.39291858039251754,225804.57882867526,1567.6235276376294,259672.95840126948,672.025,4.610301637933217,2.475,0.975,1.4083333333333334,1.1166666666666667,0.18333333333333332,0.9333333333333333,3.5,0.2785714285714286,0.4023809523809524,0.319047619047619,0.05238095238095238,0.26666666666666666,0.024274735394816283
55,vacancy_tax,0.5093174318292263,0.09070336756954521,0.053589415311213015,0.8563144909105176,1.899109497125757,0.27286902105653105,0.4172481321470985,213887.48636499542,1534.8803872695091,238232.00819209535,653.6083333333333,3.416964050442311,2.2899159663865545,1.0666666666666667,1.125,1.4666666666666666,0.225,1.2416666666666667,3.658333333333333,0.29157175398633256,0.30751708428246016,0.4009111617312073,0.06150341685649203,0.33940774487471526,0.02214019486507368
55,portfolio_tax,0.5056786812247963,0.1191911786067218,0.03612235960962402,0.8577218441158085,1.85076060233324,0.2580466680503052,0.41981244386056127,211845.713634225,1463.0946611257232,228870.34809210888,672.3083333333333,3.527728174603175,2.3833333333333333,1.025,1.3833333333333333,1.8666666666666667,0.36666666666666664,1.5,4.275,0.23976608187134502,0.3235867446393762,0.43664717348927873,0.08576998050682261,0.3508771929824561,0.021106897879604736
56,baseline,0.46475701718494367,0.08592321815693095,0.04221858229910505,0.852821515753255,1.9365590397598968,0.25037943316195943,0.4513571428571429,216853.55421848307,1432.2910667761696,242867.01459124204,605.2083333333334,2.8484432234432235,1.9875,0.7916666666666666,1.1583333333333334,1.475,0.24166666666666667,1.2333333333333334,3.425,0.23114355231143552,0.3381995133819951,0.4306569343065693,0.0705596107055961,0.36009732360097324,0.01629677248983885
56,waiting_period,0.4760079397889815,0.09266515536544334,0.046639884717560774,0.8310718463611476,1.93028513323142,0.2724036906871118,0.4305833333333334,222147.6420996271,1429.4853057698851,269250.18743214663,612.225,4.607918136390359,2.308333333333333,0.65,1.2,1.3083333333333333,0.36666666666666664,0.9416666666666667,3.158333333333333,0.20580474934036938,0.37994722955145116,0.41424802110817943,0.11609498680738786,0.29815303430079154,0.0033423435345902863
56,ownership_cap_soft,0.4716771906127763,0.08250409300851996,0.06094897717253989,0.8423242119244366,1.8984293775338545,0.2375644124418771,0.4448809523809524,219648.3469489146,1418.5150622592803,256131.33260667406,619.2916666666666,4.121884985054628,2.154166666666667,0.95,1.175,1.1833333333333333,0.11666666666666667,1.0666666666666667,3.308333333333333,0.2871536523929471,0.35516372795969775,0.35768261964735515,0.03526448362720403,0.3224181360201511,0.016702690775937334
56,ownership_cap_hard,0.5035620181405204,0.06782863649768837,0.05462719064570242,0.8454441873086933,1.9091358340931281,0.14882136342037408,0.40747619047619044,214144.6836492521,1430.865665035229,248557.52703302863,595.475,3.89979568121161,2.2958333333333334,0.9,1.2416666666666667,1.1916666666666667,0.06666666666666667,1.125,3.3333333333333335,0.27,0.3725,0.3575,0.02,0.3375,0.014839679113156201
56,purchase_tax,0.49198161320577305,0.07987495712438636,0.06819656799722915,0.8430117179285971,1.8886579202091163,0.2714421345806899,0.4125357142857143,220622.9147031815,1487.8316606051624,280182.4750419373,632.3166666666667,3.1808856252781488,2.075,1.0833333333333333,1.1833333333333333,0.95,0.18333333333333332,0.7666666666666667,3.216666666666667,0.33678756476683935,0.36787564766839376,0.29533678756476683,0.05699481865284974,0.23834196891191708,0.030419569291852744
56,vacancy_tax,0.49840680486271643,0.07929183019092502,0.04857999004743068,0.8541394525133796,1.9177745754829076,0.2744657348489556,0.42061904761904767,215898.8306210527,1406.258333104536,261817.7262512998,612.775,3.4042704237658374,2.1666666666666665,1.025,1.1333333333333333,0.95,0.13333333333333333,0.8166666666666667,3.1083333333333334,0.3297587131367292,0.3646112600536193,0.30563002680965146,0.04289544235924933,0.26273458445040215,0.024847580468656316
56,portfolio_tax,0.4925983689895228,0.07632354066076973,0.06844252870633297,0.8484617227428709,1.9171602235490783,0.25287782594816266,0.4171666666666667,217070.17004909384,1445.541203305701,262770.0475812831,616.5166666666667,3.6182159432159433,2.1041666666666665,0.9666666666666667,1.0333333333333334,1.075,0.30833333333333335,0.7666666666666667,3.075,0.3143631436314363,0.33604336043360433,0.34959349593495936,0.1002710027100271,0.24932249322493225,0.031246596960170736
57,baseline,0.489122798914944,0.09377253596119463,0.060840954631017595,0.859787818236475,1.8506746011611621,0.264707519962357,0.40889786972584913,190467.4209858972,1423.2562046027208,217669.0608925278,649.7333333333333,4.443735505565862,2.408333333333333,1.1083333333333334,1.25,1.1916666666666667,0.26666666666666666,0.925,3.55,0.31220657276995306,0.352112676056338,0.33568075117370894,0.07511737089201878,0.2605633802816901,0.03425304884034386
57,waiting_period,0.5330184337937373,0.10024833702864194,0.030220179666400372,0.8601058598497706,1.8497997367355117,0.2820022823703947,0.3798148745203513,190042.15531958826,1424.9839648962884,206337.25682598245,645.8666666666667,4.733150520976607,3.091666666666667,1.1916666666666667,1.425,1.325,0.325,1.0,3.941666666666667,0.3023255813953488,0.36152219873150104,0.3361522198731501,0.0824524312896406,0.2536997885835095,0.02531504824176234
57,ownership_cap_soft,0.49479778144014747,0.12302326686426308,0.07269428067567961,0.8556062450080599,1.8771132883817763,0.2543976566625054,0.42183787185718946,192104.2959892369,1378.0747738058305,225045.48356022782,632.4166666666666,4.081247626642363,2.475,1.0583333333333333,1.2833333333333334,1.425,0.19166666666666668,1.2333333333333334,3.7666666666666666,0.2809734513274336,0.3407079646017699,0.37831858407079644,0.05088495575221239,0.3274336283185841,0.04506250924715283
57,ownership_cap_hard,0.5388850614801607,0.08747719030819405,0.04213577586192591,0.8550159614067486,1.7949872932649535,0.15895771733414002,0.3698986251372986,191342.1934897015,1465.3161139009048,229739.37987467606,637.0416666666666,4.060813688479296,2.3041666666666667,1.175,1.5416666666666667,1.225,0.10833333333333334,1.1166666666666667,3.941666666666667,0.29809725158562367,0.39112050739957716,0.3107822410147992,0.02748414376321353,0.2832980972515856,0.039590574752145447
57,purchase_tax,0.5123589791008538,0.10113682466992019,0.03699944373785094,0.8582025120410158,1.848648359758619,0.2872358582924878,0.38959488755724503,191768.2040118949,1429.2063644975128,219049.63955649716,642.7333333333333,5.50021543876684,2.558333333333333,1.1416666666666666,1.2916666666666667,0.925,0.225,0.7,3.3583333333333334,0.3399503722084367,0.38461538461538464,0.27543424317617865,0.06699751861042183,0.20843672456575682,0.03953123671649306
57,vacancy_tax,0.48391759800977563,0.11719440936824904,0.06689692507780388,0.8439412641188506,1.8054745681341244,0.2673708531508571,0.41534523809523816,196796.49854554268,1400.918382367385,215282.1529142335,627.5,4.641793384020275,2.4705882352941178,0.7916666666666666,1.4833333333333334,1.5333333333333334,0.31666666666666665,1.2166666666666666,3.808333333333333,0.20787746170678337,0.38949671772428884,0.4026258205689278,0.08315098468271334,0.31947483588621445,0.007477341338740784
57,portfolio_tax,0.5196166311912697,0.10610890131735719,0.05819686649125918,0.8575172058294065,1.8794482110248159,0.2914787741323393,0.3796788718069993,193656.1016736062,1371.6624179196908,232370.7086230278,642.5916666666667,5.994474113632993,2.75,1.075,1.2333333333333334,0.95,0.31666666666666665,0.6333333333333333,3.2583333333333333,0.329923273657289,0.37851662404092073,0.2915601023017903,0.09718670076726342,0.19437340153452684,0.045081250719210875
58,baseline,0.5021837873292389,0.14640506034894193,0.036566666638185655,0.8526899475046558,1.8406824573262917,0.25284234340003636,0.41225,202725.65774198904,1382.74007705564,226729.77878852314,627.4583333333334,4.593437843437844,2.525,0.9833333333333333,1.4416666666666667,1.375,0.31666666666666665,1.0583333333333333,3.8,0.25877192982456143,0.3793859649122807,0.3618421052631579,0.08333333333333333,0.27850877192982454,0.027621830502273514
58,waiting_period,0.4934632990035863,0.12761501806025058,0.05088464940649,0.8412313860190961,1.8356273491311228,0.26341608761640767,0.4213095238095238,207861.73276265568,1385.4165246874024,242166.76788102931,624.075,4.21416492733457,2.379166666666667,0.8333333333333334,1.375,1.4,0.38333333333333336,1.0166666666666666,3.6083333333333334,0.23094688221709006,0.3810623556581986,0.38799076212471134,0.10623556581986143,0.2817551963048499,0.04067695101608093
58,ownership_cap_soft,0.4807785710463449,0.1678052325796561,0.03895496205558368,0.8536494453528561,1.8704611065177326,0.21219005834099292,0.4393095238095238,202694.09442268388,1324.8051402456574,220184.36888235976,619.525,4.168147106305001,2.4291666666666667,0.9916666666666667,1.2416666666666667,1.6666666666666667,0.16666666666666666,1.5,3.9,0.25427350427350426,0.31837606837606836,0.42735042735042733,0.042735042735042736,0.38461538461538464,0.01342020328453053
58,ownership_cap_hard,0.47789873162872853,0.12814702256972105,0.05395913704778891,0.8574308628173584,1.9007982417965639,0.15598138342192555,0.43688095238095237,197962.01349958486,1362.7818188090007,223060.27944495712,622.1,5.104347826086957,2.325,0.8,1.4,1.7666666666666666,0.06666666666666667,1.7,3.966666666666667,0.20168067226890757,0.35294117647058826,0.44537815126050423,0.01680672268907563,0.42857142857142855,0.049117865583031994
58,purchase_tax,0.48873908350300005,0.13003877448699716,0.058439203643678495,0.8488917167938762,1.881288591680338,0.25015468408891384,0.41538095238095235,209599.20642571716,1387.391371508222,252815.93671175247,631.85,4.76209341117598,2.4166666666666665,0.8333333333333334,1.3583333333333334,1.225,0.275,0.95,3.4166666666666665,0.24390243902439024,0.3975609756097561,0.35853658536585364,0.08048780487804878,0.2780487804878049,0.03134522352173952
58,vacancy_tax,0.48926821355009836,0.17152992204862585,0.0608068904071848,0.84857629251028,1.8884170328552359,0.23840910428070497,0.42492857142857143,204677.76578572407,1333.2659623746235,242049.26718086223,619.2833333333333,5.455010822510822,2.575,0.8916666666666667,1.2416666666666667,1.175,0.25833333333333336,0.9166666666666666,3.308333333333333,0.2695214105793451,0.37531486146095716,0.35516372795969775,0.07808564231738035,0.2770780856423174,0.04813152648198571
58,portfolio_tax,0.49105890343274383,0.12069118249914405,0.034280086087769286,0.8474701344337691,1.8280956049822066,0.2422223667824513,0.42029761904761903,207296.81022716762,1452.4487216870791,249363.45670231027,627.6833333333333,4.25611229969637,2.370833333333333,0.85,1.4916666666666667,1.3583333333333334,0.375,0.9833333333333333,3.7,0.22972972972972974,0.40315315315315314,0.36711711711711714,0.10135135135135136,0.26576576576576577,0.03729688408928267
59,baseline,0.49072085275114463,0.09779366954216841,0.04488224467237402,0.8619911518457225,2.069919637961348,0.2653231592158201,0.4543571428571429,207438.1826934112,1356.9156600122326,245965.0417426839,609.3583333333333,4.435858585858586,2.525,1.0916666666666666,1.05,1.125,0.325,0.8,3.2666666666666666,0.33418367346938777,0.32142857142857145,0.34438775510204084,0.09948979591836735,0.24489795918367346,0.029410003070451163
59,waiting_period,0.46654860468658205,0.13225908175724194,0.05852557491768788,0.8491369920752029,2.0415887280331075,0.25322884520944566,0.45271428571428574,206163.1045782961,1291.916025165918,231713.51185084216,616.425,4.779266273991046,2.5875,0.9,1.15,1.4833333333333334,0.49166666666666664,0.9916666666666667,3.533333333333333,0.25471698113207547,0.32547169811320753,0.419811320754717,0.1391509433962264,0.2806603773584906,0.04082424511721716
59,ownership_cap_soft,0.48070191227107767,0.10561179310246084,0.03759863449238111,0.8656301684754969,2.079353742597326,0.22724750772595698,0.44591494189341646,201482.08732188994,1333.4813443727455,211917.88642996113,627.5583333333333,4.653449878449878,3.183333333333333,1.1166666666666667,1.1166666666666667,1.15,0.06666666666666667,1.0833333333333333,3.3833333333333333,0.33004926108374383,0.33004926108374383,0.3399014778325123,0.019704433497536946,0.32019704433497537,0.024868663319950635
59,ownership_cap_hard,0.509853771304676,0.10474955011642821,0.05650100409430238,0.8633633410781112,1.9990393688337547,0.1397044618880213,0.44126190476190474,197393.17297363392,1333.184787511171,227461.1534081529,609.375,4.1413993413993415,2.4243697478991595,1.1416666666666666,1.3,1.725,0.10833333333333334,1.6166666666666667,4.166666666666667,0.274,0.312,0.414,0.026,0.388,0.04565150536736695
59,purchase_tax,0.4863168797397764,0.10617217378590801,0.05046055359101982,0.857923219797915,2.0483840413308996,0.25732881565252524,0.46090476190476193,206834.45292913716,1356.2053991161297,240311.66373572638,606.525,4.684045584045584,2.5,1.0083333333333333,1.0666666666666667,1.3,0.26666666666666666,1.0333333333333334,3.375,0.29876543209876544,0.3160493827160494,0.3851851851851852,0.07901234567901234,0.30617283950617286,0.026142846366030037
59,vacancy_tax,0.4691115465665866,0.10064491643363037,0.05053273437622458,0.8644186295515922,2.03028246949224,0.27029736169660495,0.4605833333333333,204256.54840219568,1427.340250696482,228599.3092558401,611.8416666666667,3.780028767528768,2.341666666666667,0.9166666666666666,1.2166666666666666,1.5083333333333333,0.2833333333333333,1.225,3.6416666666666666,0.2517162471395881,0.3340961098398169,0.41418764302059496,0.07780320366132723,0.33638443935926776,0.02199655231324349
59,portfolio_tax,0.4736988285909668,0.10876772077142133,0.04558207073999996,0.8548084759599459,1.9999459406920772,0.265420901820227,0.45007142857142857,207704.3345404149,1314.249572809627,229197.0509899128,616.85,4.237608695652175,2.4541666666666666,0.925,1.2416666666666667,1.6,0.38333333333333336,1.2166666666666666,3.7666666666666666,0.24557522123893805,0.32964601769911506,0.4247787610619469,0.10176991150442478,0.3230088495575221,0.018341659517703945
